PO_ID,Supplier,Order_Date,Delivery_Date,Item_Category,Order_Status,Quantity,Unit_Price,Negotiated_Price,Defective_Units,Compliance,flag_invalid_date_order,flag_delivered_no_date,flag_nondelivered_has_date,Lead_Time_Days,Order_Value,Savings_Amount,Savings_Rate_%,Defect_Rate_%,Category_Lead_Time_Benchmark,Is_On_Time
PO-00001,Alpha_Inc,2023-10-17,2023-10-25,Office Supplies,Cancelled,1176,20.13,17.81,,Yes,False,False,True,8.0,20944.559999999998,2728.32,11.53,,10.0,1.0
PO-00002,Delta_Logistics,2022-04-25,2022-05-05,Office Supplies,Delivered,1509,39.32,37.34,235.0,Yes,False,False,False,10.0,56346.060000000005,2987.819999999995,5.04,15.57,10.0,1.0
PO-00003,Gamma_Co,2022-01-26,2022-02-15,MRO,Delivered,910,95.51,92.26,41.0,Yes,False,False,False,20.0,83956.6,2957.5,3.4,4.51,12.0,0.0
PO-00004,Beta_Supplies,2022-10-09,2022-10-28,Packaging,Delivered,1344,99.85,95.52,112.0,Yes,False,False,False,19.0,128378.87999999999,5819.519999999998,4.34,8.33,11.0,0.0
PO-00005,Delta_Logistics,2022-09-08,2022-09-20,Raw Materials,Delivered,1180,64.07,60.53,171.0,No,False,False,False,12.0,71425.4,4177.199999999991,5.53,14.49,10.0,0.0
PO-00006,Epsilon_Group,2022-08-17,2022-08-29,MRO,Delivered,1145,69.21,63.57,39.0,Yes,False,False,False,12.0,72787.65,6457.799999999993,8.15,3.41,12.0,1.0
PO-00007,Gamma_Co,2022-05-23,2022-06-03,MRO,Delivered,1774,51.37,47.82,96.0,No,False,False,False,11.0,84832.68000000001,6297.699999999995,6.91,5.41,12.0,1.0
PO-00008,Alpha_Inc,2022-04-15,2022-04-29,MRO,Delivered,1094,36.93,32.78,22.0,Yes,False,False,False,14.0,35861.32,4540.0999999999985,11.24,2.01,12.0,0.0
PO-00009,Gamma_Co,2023-11-24,2023-11-28,Raw Materials,Partially Delivered,1688,43.93,39.89,89.0,Yes,False,False,True,4.0,67334.32,6819.519999999999,9.2,5.27,10.0,1.0
PO-00010,Gamma_Co,2023-07-13,2023-07-25,Raw Materials,Pending,171,76.87,70.2,8.0,Yes,False,False,True,12.0,12004.2,1140.5700000000004,8.68,4.68,10.0,0.0
PO-00011,Epsilon_Group,2022-03-31,2022-04-15,Raw Materials,Delivered,5000,78.49,73.68,18.0,Yes,False,False,False,15.0,368400.00000000006,24049.99999999994,6.13,0.36,10.0,0.0
PO-00012,Beta_Supplies,2023-08-28,2023-09-11,Raw Materials,Delivered,5000,88.96,86.58,115.0,Yes,False,False,False,14.0,432900.0,11899.999999999978,2.68,2.3,10.0,0.0
PO-00013,Beta_Supplies,2023-03-09,2023-03-26,Electronics,Pending,5000,86.74,74.86,51.0,Yes,False,False,True,17.0,374300.0,59399.99999999998,13.7,1.02,11.0,0.0
PO-00014,Beta_Supplies,2022-02-02,,MRO,Delivered,5000,18.3,16.88,,Yes,False,True,False,,84400.0,7100.000000000008,7.76,,12.0,
PO-00015,Delta_Logistics,2022-01-31,2022-02-18,Electronics,Pending,5000,54.5,48.45,22.0,Yes,False,False,True,18.0,242250.0,30249.999999999985,11.1,0.44,11.0,0.0
PO-00016,Beta_Supplies,2022-04-06,2022-04-21,Packaging,Delivered,5000,15.41,15.12,,Yes,False,False,False,15.0,75600.0,1450.0000000000045,1.88,,11.0,0.0
PO-00017,Delta_Logistics,2022-08-12,2022-08-31,MRO,Delivered,1173,61.54,55.49,172.0,No,False,False,False,19.0,65089.770000000004,7096.649999999997,9.83,14.66,12.0,0.0
PO-00018,Epsilon_Group,2022-08-27,2022-09-04,Raw Materials,Delivered,921,51.48,50.61,,Yes,False,False,False,8.0,46611.81,801.2699999999976,1.69,,10.0,1.0
PO-00019,Gamma_Co,2023-06-02,2023-06-05,Raw Materials,Partially Delivered,1737,97.53,87.37,79.0,Yes,False,False,True,3.0,151761.69,17647.919999999995,10.42,4.55,10.0,1.0
PO-00020,Delta_Logistics,2023-09-09,2023-09-24,Raw Materials,Delivered,180,45.74,38.89,,No,False,False,False,15.0,7000.2,1233.0000000000002,14.98,,10.0,0.0
PO-00021,Epsilon_Group,2022-01-28,2022-02-12,Electronics,Cancelled,1735,20.54,19.69,49.0,Yes,False,False,True,15.0,34162.15,1474.7499999999964,4.14,2.82,11.0,0.0
PO-00022,Delta_Logistics,2023-07-29,2023-08-11,Raw Materials,Delivered,1382,24.93,23.75,,Yes,False,False,False,13.0,32822.5,1630.7599999999995,4.73,,10.0,0.0
PO-00023,Epsilon_Group,2022-07-23,2022-08-08,MRO,Delivered,819,80.89,77.03,29.0,Yes,False,False,False,16.0,63087.57,3161.3399999999997,4.77,3.54,12.0,0.0
PO-00024,Beta_Supplies,2023-10-28,2023-11-03,Office Supplies,Partially Delivered,393,72.53,66.31,42.0,No,False,False,True,6.0,26059.83,2444.4599999999996,8.58,10.69,10.0,1.0
PO-00025,Beta_Supplies,2023-12-20,2024-01-01,MRO,Delivered,1565,21.3,20.09,161.0,Yes,False,False,False,12.0,31440.85,1893.6500000000012,5.68,10.29,12.0,1.0
PO-00026,Epsilon_Group,2023-07-13,2023-07-24,Packaging,Delivered,1487,19.15,17.24,,Yes,False,False,False,11.0,25635.879999999997,2840.17,9.97,,11.0,1.0
PO-00027,Alpha_Inc,2023-03-06,2023-03-26,MRO,Delivered,855,78.2,67.16,17.0,Yes,False,False,False,20.0,57421.799999999996,9439.200000000006,14.12,1.99,12.0,0.0
PO-00028,Epsilon_Group,2022-08-14,2022-08-23,Raw Materials,Delivered,435,17.13,15.84,8.0,Yes,False,False,False,9.0,6890.4,561.1499999999996,7.53,1.84,10.0,1.0
PO-00029,Delta_Logistics,2023-04-05,2023-04-22,MRO,Delivered,1265,90.26,79.47,187.0,Yes,False,False,False,17.0,100529.55,13649.350000000008,11.95,14.78,12.0,0.0
PO-00030,Epsilon_Group,2023-08-27,,MRO,Delivered,1005,80.55,73.31,30.0,Yes,False,True,False,,73676.55,7276.199999999995,8.99,2.99,12.0,
PO-00031,Gamma_Co,2022-10-12,2022-10-26,Electronics,Delivered,326,18.1,15.92,,No,False,False,False,14.0,5189.92,710.6800000000005,12.04,,11.0,0.0
PO-00032,Alpha_Inc,2022-01-07,2022-01-15,Office Supplies,Delivered,1234,17.64,15.66,26.0,Yes,False,False,False,8.0,19324.44,2443.3200000000006,11.22,2.11,10.0,1.0
PO-00033,Epsilon_Group,2022-06-13,2022-06-29,MRO,Delivered,509,101.27,97.82,19.0,Yes,False,False,False,16.0,49790.38,1756.0500000000015,3.41,3.73,12.0,0.0
PO-00034,Alpha_Inc,2023-12-16,2023-12-17,Packaging,Delivered,1387,48.71,43.71,27.0,Yes,False,False,False,1.0,60625.770000000004,6935.0,10.26,1.95,11.0,1.0
PO-00035,Alpha_Inc,2023-03-09,2023-03-17,MRO,Delivered,71,46.39,43.18,0.0,Yes,False,False,False,8.0,3065.78,227.91000000000005,6.92,0.0,12.0,1.0
PO-00036,Epsilon_Group,2022-12-15,2022-12-23,Office Supplies,Delivered,302,87.73,81.52,9.0,Yes,False,False,False,8.0,24619.039999999997,1875.4200000000023,7.08,2.98,10.0,1.0
PO-00037,Epsilon_Group,2022-10-12,2022-10-31,Office Supplies,Pending,797,99.54,91.37,18.0,Yes,False,False,True,19.0,72821.89,6511.490000000002,8.21,2.26,10.0,0.0
PO-00038,Beta_Supplies,2022-06-09,2022-06-27,Office Supplies,Pending,906,101.21,90.9,94.0,Yes,False,False,True,18.0,82355.40000000001,9340.85999999999,10.19,10.38,10.0,0.0
PO-00039,Epsilon_Group,2022-08-09,2022-08-23,Office Supplies,Delivered,1634,80.53,76.15,50.0,Yes,False,False,False,14.0,124429.1,7156.919999999993,5.44,3.06,10.0,0.0
PO-00040,Epsilon_Group,2022-12-11,,Office Supplies,Delivered,524,46.28,39.65,14.0,Yes,False,True,False,,20776.6,3474.1200000000013,14.33,2.67,10.0,
PO-00041,Beta_Supplies,2022-04-15,2022-04-27,Electronics,Delivered,1132,17.78,15.36,96.0,Yes,False,False,False,12.0,17387.52,2739.440000000002,13.61,8.48,11.0,0.0
PO-00042,Beta_Supplies,2022-04-05,2022-04-14,Office Supplies,Delivered,560,81.14,77.87,34.0,No,False,False,False,9.0,43607.200000000004,1831.1999999999978,4.03,6.07,10.0,1.0
PO-00043,Gamma_Co,2023-01-25,2023-02-02,Electronics,Delivered,1755,63.87,58.4,85.0,Yes,False,False,False,8.0,102492.0,9599.849999999999,8.56,4.84,11.0,1.0
PO-00044,Epsilon_Group,2022-04-10,2022-04-17,MRO,Delivered,1549,48.9,42.42,48.0,Yes,False,False,False,7.0,65708.58,10037.519999999995,13.25,3.1,12.0,1.0
PO-00045,Delta_Logistics,2023-01-03,2023-01-21,MRO,Delivered,749,97.07,94.16,123.0,Yes,False,False,False,18.0,70525.84,2179.5899999999974,3.0,16.42,12.0,0.0
PO-00046,Alpha_Inc,2022-12-19,,Electronics,Delivered,1025,21.11,19.25,15.0,Yes,False,True,False,,19731.25,1906.4999999999993,8.81,1.46,11.0,
PO-00047,Beta_Supplies,2023-09-11,2023-09-18,Raw Materials,Delivered,1856,59.77,50.81,191.0,Yes,False,False,False,7.0,94303.36,16629.760000000002,14.99,10.29,10.0,1.0
PO-00048,Epsilon_Group,2022-09-28,2022-10-14,Office Supplies,Delivered,239,11.46,11.28,4.0,Yes,False,False,False,16.0,2695.92,43.02000000000036,1.57,1.67,10.0,0.0
PO-00049,Delta_Logistics,2022-02-14,2022-03-05,Office Supplies,Pending,1007,52.44,46.06,167.0,Yes,False,False,True,19.0,46382.420000000006,6424.659999999995,12.17,16.58,10.0,0.0
PO-00050,Alpha_Inc,2023-04-16,,MRO,Pending,736,16.2,15.33,18.0,Yes,False,False,False,,11282.88,640.3199999999995,5.37,2.45,12.0,
PO-00051,Epsilon_Group,2023-07-04,2023-07-14,Electronics,Delivered,1007,22.56,19.59,,Yes,False,False,False,10.0,19727.13,2990.789999999999,13.16,,11.0,1.0
PO-00052,Delta_Logistics,2022-05-08,,Office Supplies,Delivered,612,20.99,19.75,102.0,Yes,False,True,False,,12087.0,758.8799999999991,5.91,16.67,10.0,
PO-00053,Alpha_Inc,2023-01-23,2023-02-02,MRO,Pending,1949,72.53,63.26,48.0,No,False,False,True,10.0,123293.73999999999,18067.230000000007,12.78,2.46,12.0,1.0
PO-00054,Delta_Logistics,2022-03-22,2022-03-28,Office Supplies,Cancelled,1640,77.92,76.41,262.0,No,False,False,True,6.0,125312.4,2476.4000000000083,1.94,15.98,10.0,1.0
PO-00055,Beta_Supplies,2023-07-20,2023-08-07,Electronics,Delivered,1317,68.13,60.52,136.0,Yes,False,False,False,18.0,79704.84000000001,10022.36999999999,11.17,10.33,11.0,0.0
PO-00056,Epsilon_Group,2022-10-28,2022-10-30,Raw Materials,Delivered,881,100.94,95.05,30.0,Yes,False,False,False,2.0,83739.05,5189.09,5.84,3.41,10.0,1.0
PO-00057,Delta_Logistics,2023-10-06,,Packaging,Delivered,1578,48.33,42.77,206.0,Yes,False,True,False,,67491.06,8773.679999999993,11.5,13.05,11.0,
PO-00058,Delta_Logistics,2023-09-26,2023-10-01,MRO,Delivered,1204,39.29,35.44,,Yes,False,False,False,5.0,42669.759999999995,4635.4000000000015,9.8,,12.0,1.0
PO-00059,Epsilon_Group,2023-01-06,2023-01-22,MRO,Pending,1558,93.46,91.27,39.0,Yes,False,False,True,16.0,142198.66,3412.0199999999963,2.34,2.5,12.0,0.0
PO-00060,Alpha_Inc,2023-08-15,2023-08-16,Packaging,Delivered,1892,32.99,28.81,35.0,Yes,False,False,False,1.0,54508.52,7908.560000000006,12.67,1.85,11.0,1.0
PO-00061,Epsilon_Group,2022-07-16,2022-08-01,Packaging,Delivered,696,99.59,90.18,25.0,Yes,False,False,False,16.0,62765.280000000006,6549.359999999998,9.45,3.59,11.0,0.0
PO-00062,Delta_Logistics,2023-12-23,2024-01-03,MRO,Partially Delivered,70,12.37,11.04,10.0,Yes,False,False,True,11.0,772.8,93.10000000000001,10.75,14.29,12.0,1.0
PO-00063,Gamma_Co,2022-03-13,2022-03-15,Raw Materials,Delivered,890,98.26,93.14,49.0,Yes,False,False,False,2.0,82894.6,4556.800000000004,5.21,5.51,10.0,1.0
PO-00064,Alpha_Inc,2022-02-16,2022-03-04,MRO,Delivered,216,13.95,12.31,5.0,Yes,False,False,False,16.0,2658.96,354.2399999999997,11.76,2.31,12.0,0.0
PO-00065,Delta_Logistics,2023-11-09,2023-11-12,Packaging,Delivered,1347,100.13,94.3,200.0,Yes,False,False,False,3.0,127022.09999999999,7853.0099999999975,5.82,14.85,11.0,1.0
PO-00066,Gamma_Co,2022-08-22,2022-08-25,Office Supplies,Partially Delivered,437,59.51,56.45,25.0,No,False,False,True,3.0,24668.65,1337.219999999998,5.14,5.72,10.0,1.0
PO-00067,Alpha_Inc,2022-10-24,2022-10-26,Electronics,Delivered,650,103.84,88.28,12.0,Yes,False,False,False,2.0,57382.0,10114.000000000002,14.98,1.85,11.0,1.0
PO-00068,Beta_Supplies,2022-03-23,2022-04-11,Office Supplies,Delivered,365,16.81,15.41,38.0,Yes,False,False,False,19.0,5624.65,510.9999999999995,8.33,10.41,10.0,0.0
PO-00069,Epsilon_Group,2022-08-27,,Raw Materials,Cancelled,63,61.94,53.8,,Yes,False,False,False,,3389.3999999999996,512.82,13.14,,10.0,
PO-00070,Alpha_Inc,2022-04-14,2022-04-22,MRO,Delivered,291,98.7,87.02,9.0,Yes,False,False,False,8.0,25322.82,3398.880000000002,11.83,3.09,12.0,1.0
PO-00071,Alpha_Inc,2023-01-25,2023-02-08,MRO,Cancelled,826,60.5,57.18,18.0,Yes,False,False,True,14.0,47230.68,2742.32,5.49,2.18,12.0,0.0
PO-00072,Delta_Logistics,2022-10-12,2022-11-01,Electronics,Pending,1419,69.64,59.28,194.0,Yes,False,False,True,20.0,84118.32,14700.839999999998,14.88,13.67,11.0,0.0
PO-00073,Gamma_Co,2023-04-10,2023-04-27,Office Supplies,Delivered,614,78.06,73.95,40.0,Yes,False,False,False,17.0,45405.3,2523.5399999999995,5.27,6.51,10.0,0.0
PO-00074,Alpha_Inc,2023-10-13,2023-10-28,Electronics,Delivered,947,56.25,54.25,19.0,Yes,False,False,False,15.0,51374.75,1894.0,3.56,2.01,11.0,0.0
PO-00075,Epsilon_Group,2023-01-09,2023-01-28,Raw Materials,Delivered,1413,70.47,69.65,,Yes,False,False,False,19.0,98415.45000000001,1158.6599999999903,1.16,,10.0,0.0
PO-00076,Alpha_Inc,2022-06-16,,Office Supplies,Partially Delivered,141,64.15,58.32,,Yes,False,False,False,,8223.12,822.0300000000008,9.09,,10.0,
PO-00077,Alpha_Inc,2023-01-15,2023-02-04,Office Supplies,Delivered,1440,96.57,83.87,36.0,Yes,False,False,False,20.0,120772.8,18287.999999999985,13.15,2.5,10.0,0.0
PO-00078,Delta_Logistics,2022-12-30,2023-01-03,Raw Materials,Delivered,1005,14.87,12.79,,No,False,False,False,4.0,12853.949999999999,2090.4,13.99,,10.0,1.0
PO-00079,Alpha_Inc,2022-08-03,,MRO,Delivered,1528,36.52,33.0,31.0,No,False,True,False,,50424.0,5378.560000000005,9.64,2.03,12.0,
PO-00080,Gamma_Co,2023-11-18,2023-11-25,MRO,Delivered,1501,106.05,100.99,77.0,No,False,False,False,7.0,151585.99,7595.060000000003,4.77,5.13,12.0,1.0
PO-00081,Delta_Logistics,2022-10-01,2022-10-04,Packaging,Delivered,558,94.18,81.4,,No,False,False,False,3.0,45421.200000000004,7131.240000000001,13.57,,11.0,1.0
PO-00082,Beta_Supplies,2023-12-20,2023-12-26,MRO,Delivered,825,56.88,50.84,,Yes,False,False,False,6.0,41943.0,4982.999999999999,10.62,,12.0,1.0
PO-00083,Beta_Supplies,2023-12-01,2023-12-07,Electronics,Cancelled,84,73.38,71.42,9.0,Yes,False,False,True,6.0,5999.28,164.63999999999947,2.67,10.71,11.0,1.0
PO-00084,Delta_Logistics,2023-10-26,2023-11-10,Raw Materials,Delivered,255,38.64,33.59,27.0,No,False,False,False,15.0,8565.45,1287.7499999999993,13.07,10.59,10.0,0.0
PO-00085,Gamma_Co,2022-03-15,2022-03-31,MRO,Delivered,1154,27.2,26.07,58.0,Yes,False,False,False,16.0,30084.78,1304.0199999999988,4.15,5.03,12.0,0.0
PO-00086,Delta_Logistics,2023-09-16,2023-09-24,Office Supplies,Delivered,1635,56.91,54.37,262.0,No,False,False,False,8.0,88894.95,4152.899999999999,4.46,16.02,10.0,1.0
PO-00087,Delta_Logistics,2023-10-13,2023-10-23,Raw Materials,Delivered,1945,46.19,40.12,278.0,No,False,False,False,10.0,78033.4,11806.150000000001,13.14,14.29,10.0,1.0
PO-00088,Delta_Logistics,2022-06-25,2022-07-10,MRO,Partially Delivered,1461,64.09,63.39,228.0,No,False,False,True,15.0,92612.79,1022.7000000000041,1.09,15.61,12.0,0.0
PO-00089,Delta_Logistics,2023-07-01,2023-07-09,Electronics,Delivered,1075,18.53,16.12,147.0,Yes,False,False,False,8.0,17329.0,2590.75,13.01,13.67,11.0,1.0
PO-00090,Alpha_Inc,2022-09-08,,Packaging,Delivered,1071,101.6,93.91,25.0,Yes,False,True,False,,100577.61,8235.989999999998,7.57,2.33,11.0,
PO-00091,Epsilon_Group,2022-06-17,2022-07-06,Packaging,Pending,1463,101.23,86.17,43.0,Yes,False,False,True,19.0,126066.71,22032.780000000002,14.88,2.94,11.0,0.0
PO-00092,Beta_Supplies,2023-04-19,2023-04-26,Raw Materials,Delivered,615,78.3,73.68,69.0,Yes,False,False,False,7.0,45313.200000000004,2841.2999999999943,5.9,11.22,10.0,1.0
PO-00093,Gamma_Co,2023-01-24,2023-02-11,Electronics,Delivered,1179,61.74,56.28,,Yes,False,False,False,18.0,66354.12,6437.340000000001,8.84,,11.0,0.0
PO-00094,Alpha_Inc,2022-10-04,2022-10-09,Electronics,Partially Delivered,1845,39.56,37.63,45.0,Yes,False,False,True,5.0,69427.35,3560.8499999999995,4.88,2.44,11.0,1.0
PO-00095,Beta_Supplies,2023-10-18,,Electronics,Cancelled,1895,91.98,86.27,170.0,Yes,False,False,False,,163481.65,10820.450000000015,6.21,8.97,11.0,
PO-00096,Epsilon_Group,2023-12-06,2023-12-09,MRO,Partially Delivered,1550,79.86,69.57,32.0,No,False,False,True,3.0,107833.49999999999,15949.50000000001,12.89,2.06,12.0,1.0
PO-00097,Delta_Logistics,2023-07-25,2023-08-04,Packaging,Delivered,752,26.85,24.37,,No,False,False,False,10.0,18326.24,1864.9600000000003,9.24,,11.0,1.0
PO-00098,Epsilon_Group,2022-08-13,2022-09-01,Electronics,Delivered,451,95.2,90.07,21.0,Yes,False,False,False,19.0,40621.57,2313.630000000004,5.39,4.66,11.0,0.0
PO-00099,Beta_Supplies,2023-12-03,,Office Supplies,Delivered,779,93.69,90.92,66.0,Yes,False,True,False,,70826.68000000001,2157.8299999999967,2.96,8.47,10.0,
PO-00100,Beta_Supplies,2022-11-29,2022-12-14,MRO,Pending,1629,100.26,86.44,187.0,No,False,False,True,15.0,140810.76,22512.780000000013,13.78,11.48,12.0,0.0
PO-00102,Alpha_Inc,2022-08-23,,Office Supplies,Delivered,251,67.49,64.48,2.0,Yes,False,True,False,,16184.480000000001,755.5099999999977,4.46,0.8,10.0,
PO-00103,Gamma_Co,2022-02-02,2022-02-18,Raw Materials,Delivered,1045,47.88,44.65,69.0,Yes,False,False,False,16.0,46659.25,3375.350000000004,6.75,6.6,10.0,0.0
PO-00104,Delta_Logistics,2022-11-20,2022-12-10,MRO,Delivered,319,98.64,89.15,57.0,Yes,False,False,False,20.0,28438.850000000002,3027.3099999999986,9.62,17.87,12.0,0.0
PO-00105,Epsilon_Group,2023-02-15,2023-03-01,Office Supplies,Partially Delivered,1936,93.66,92.24,58.0,Yes,False,False,True,14.0,178576.63999999998,2749.1200000000035,1.52,3.0,10.0,0.0
PO-00106,Delta_Logistics,2022-10-02,2022-10-22,MRO,Cancelled,865,14.7,13.14,135.0,No,False,False,True,20.0,11366.1,1349.399999999999,10.61,15.61,12.0,0.0
PO-00107,Epsilon_Group,2022-03-09,2022-03-12,Electronics,Delivered,1344,12.5,10.87,44.0,Yes,False,False,False,3.0,14609.279999999999,2190.720000000001,13.04,3.27,11.0,1.0
PO-00108,Delta_Logistics,2022-08-05,2022-08-24,Raw Materials,Pending,505,45.42,40.37,62.0,Yes,False,False,True,19.0,20386.85,2550.2500000000023,11.12,12.28,10.0,0.0
PO-00109,Beta_Supplies,2023-08-04,2023-08-05,Packaging,Delivered,1535,90.83,78.28,151.0,No,False,False,False,1.0,120159.8,19264.249999999996,13.82,9.84,11.0,1.0
PO-00110,Beta_Supplies,2022-11-19,,Office Supplies,Delivered,1800,103.8,96.27,166.0,Yes,False,True,False,,173286.0,13554.000000000002,7.25,9.22,10.0,
PO-00111,Delta_Logistics,2022-08-06,2022-08-15,Raw Materials,Pending,1325,24.36,22.75,206.0,Yes,False,False,True,9.0,30143.75,2133.249999999999,6.61,15.55,10.0,1.0
PO-00112,Gamma_Co,2023-11-03,2023-11-09,Raw Materials,Delivered,1066,70.45,65.88,56.0,No,False,False,False,6.0,70228.08,4871.620000000008,6.49,5.25,10.0,1.0
PO-00113,Beta_Supplies,2023-05-27,2023-06-11,Raw Materials,Delivered,1775,47.82,45.86,180.0,Yes,False,False,False,15.0,81401.5,3479.0000000000014,4.1,10.14,10.0,0.0
PO-00114,Gamma_Co,2023-02-10,,Raw Materials,Partially Delivered,345,103.62,98.09,25.0,No,False,False,False,,33841.05,1907.8500000000004,5.34,7.25,10.0,
PO-00115,Beta_Supplies,2023-10-21,2023-11-09,Electronics,Delivered,1798,94.8,91.83,,Yes,False,False,False,19.0,165110.34,5340.059999999998,3.13,,11.0,0.0
PO-00116,Alpha_Inc,2023-04-15,2023-05-01,MRO,Delivered,769,91.86,86.55,17.0,Yes,False,False,False,16.0,66556.95,4083.3900000000017,5.78,2.21,12.0,0.0
PO-00117,Alpha_Inc,2022-05-27,,Packaging,Delivered,1822,53.23,47.49,39.0,Yes,False,True,False,,86526.78,10458.279999999992,10.78,2.14,11.0,
PO-00118,Delta_Logistics,2022-09-29,2022-10-13,Packaging,Delivered,387,49.23,45.41,61.0,Yes,False,False,False,14.0,17573.67,1478.3400000000001,7.76,15.76,11.0,0.0
PO-00119,Epsilon_Group,2022-05-23,2022-05-27,MRO,Delivered,928,35.3,32.52,26.0,Yes,False,False,False,4.0,30178.56,2579.8399999999947,7.88,2.8,12.0,1.0
PO-00120,Alpha_Inc,2022-09-10,2022-09-21,Packaging,Partially Delivered,1126,15.68,14.97,27.0,Yes,False,False,True,11.0,16856.22,799.459999999999,4.53,2.4,11.0,1.0
PO-00121,Beta_Supplies,2023-07-29,2023-08-14,Raw Materials,Cancelled,841,95.73,85.33,81.0,Yes,False,False,True,16.0,71762.53,8746.400000000005,10.86,9.63,10.0,0.0
PO-00122,Beta_Supplies,2023-07-06,2023-07-19,Electronics,Delivered,1995,90.65,77.75,206.0,Yes,False,False,False,13.0,155111.25,25735.50000000001,14.23,10.33,11.0,0.0
PO-00123,Alpha_Inc,2022-09-27,2022-10-15,Raw Materials,Delivered,266,103.97,101.44,6.0,Yes,False,False,False,18.0,26983.04,672.9800000000002,2.43,2.26,10.0,0.0
PO-00124,Alpha_Inc,2023-08-22,2023-08-25,Raw Materials,Cancelled,813,109.17,107.39,14.0,Yes,False,False,True,3.0,87308.07,1447.140000000001,1.63,1.72,10.0,1.0
PO-00125,Epsilon_Group,2023-03-15,2023-03-26,Electronics,Delivered,237,64.19,59.01,7.0,Yes,False,False,False,11.0,13985.369999999999,1227.6599999999999,8.07,2.95,11.0,1.0
PO-00126,Alpha_Inc,2023-08-21,2023-09-03,Office Supplies,Cancelled,429,86.73,75.09,9.0,Yes,False,False,True,13.0,32213.61,4993.56,13.42,2.1,10.0,0.0
PO-00127,Delta_Logistics,2023-02-13,2023-02-14,Packaging,Delivered,542,101.21,93.11,78.0,No,False,False,False,1.0,50465.62,4390.199999999997,8.0,14.39,11.0,1.0
PO-00128,Epsilon_Group,2023-01-06,2023-01-24,Electronics,Delivered,1114,91.66,85.53,35.0,Yes,False,False,False,18.0,95280.42,6828.819999999995,6.69,3.14,11.0,0.0
PO-00129,Alpha_Inc,2022-08-13,2022-08-15,MRO,Delivered,1230,33.39,30.85,26.0,Yes,False,False,False,2.0,37945.5,3124.199999999999,7.61,2.11,12.0,1.0
PO-00130,Beta_Supplies,2022-05-22,2022-06-03,MRO,Delivered,64,51.56,50.88,5.0,Yes,False,False,False,12.0,3256.32,43.51999999999998,1.32,7.81,12.0,1.0
PO-00131,Alpha_Inc,2023-06-06,2023-06-22,MRO,Delivered,1886,23.46,23.18,,Yes,False,False,False,16.0,43717.479999999996,528.0800000000022,1.19,,12.0,0.0
PO-00132,Delta_Logistics,2023-05-21,2023-05-23,Office Supplies,Delivered,114,103.53,101.54,14.0,Yes,False,False,False,2.0,11575.560000000001,226.85999999999942,1.92,12.28,10.0,1.0
PO-00133,Delta_Logistics,2022-04-04,2022-04-22,Electronics,Cancelled,1930,65.52,56.9,282.0,Yes,False,False,True,18.0,109817.0,16636.599999999995,13.16,14.61,11.0,0.0
PO-00134,Beta_Supplies,2022-02-18,2022-02-28,Office Supplies,Pending,1912,30.73,29.82,191.0,Yes,False,False,True,10.0,57015.840000000004,1739.9200000000003,2.96,9.99,10.0,1.0
PO-00135,Epsilon_Group,2022-04-23,2022-05-09,MRO,Delivered,570,71.51,66.47,,Yes,False,False,False,16.0,37887.9,2872.8000000000034,7.05,,12.0,0.0
PO-00136,Beta_Supplies,2022-06-06,2022-06-26,Raw Materials,Delivered,1417,67.27,60.62,,Yes,False,False,False,20.0,85898.54,9423.049999999997,9.89,,10.0,0.0
PO-00137,Alpha_Inc,2023-10-05,2023-10-11,Raw Materials,Delivered,1202,46.67,44.13,21.0,No,False,False,False,6.0,53044.26,3053.079999999999,5.44,1.75,10.0,1.0
PO-00138,Beta_Supplies,2022-06-13,2022-06-14,Office Supplies,Delivered,697,20.73,19.83,78.0,No,False,False,False,1.0,13821.509999999998,627.3000000000014,4.34,11.19,10.0,1.0
PO-00139,Epsilon_Group,2023-11-28,2023-12-01,MRO,Delivered,1545,78.19,76.91,42.0,Yes,False,False,False,3.0,118825.95,1977.6000000000017,1.64,2.72,12.0,1.0
PO-00140,Gamma_Co,2023-03-09,2023-03-13,MRO,Partially Delivered,1136,60.81,58.25,62.0,Yes,False,False,True,4.0,66172.0,2908.1600000000026,4.21,5.46,12.0,1.0
PO-00141,Beta_Supplies,2023-09-03,2023-09-07,MRO,Delivered,1212,87.46,74.55,118.0,No,False,False,False,4.0,90354.59999999999,15646.919999999996,14.76,9.74,12.0,1.0
PO-00142,Epsilon_Group,2022-03-07,2022-03-12,MRO,Delivered,1572,57.38,49.32,40.0,Yes,False,False,False,5.0,77531.04,12670.320000000003,14.05,2.54,12.0,1.0
PO-00143,Gamma_Co,2023-01-30,2023-02-09,Electronics,Delivered,642,91.9,81.49,26.0,Yes,False,False,False,10.0,52316.579999999994,6683.220000000007,11.33,4.05,11.0,1.0
PO-00144,Epsilon_Group,2023-01-26,2023-02-04,Office Supplies,Delivered,441,63.25,54.12,16.0,Yes,False,False,False,9.0,23866.92,4026.3300000000013,14.43,3.63,10.0,1.0
PO-00145,Epsilon_Group,2023-09-03,2023-09-19,Office Supplies,Delivered,1748,66.53,57.11,,Yes,False,False,False,16.0,99828.28,16466.160000000003,14.16,,10.0,0.0
PO-00146,Gamma_Co,2023-04-25,,Electronics,Pending,468,95.57,91.8,24.0,Yes,False,False,False,,42962.4,1764.359999999998,3.94,5.13,11.0,
PO-00147,Beta_Supplies,2023-06-26,2023-07-14,Raw Materials,Delivered,338,50.25,46.28,49.0,No,False,False,False,18.0,15642.640000000001,1341.8599999999997,7.9,14.5,10.0,0.0
PO-00148,Gamma_Co,2022-09-15,2022-09-22,Office Supplies,Delivered,428,22.94,21.52,26.0,Yes,False,False,False,7.0,9210.56,607.7600000000007,6.19,6.07,10.0,1.0
PO-00149,Beta_Supplies,2023-07-21,,Packaging,Delivered,1846,13.72,12.62,216.0,Yes,False,True,False,,23296.519999999997,2030.6000000000026,8.02,11.7,11.0,
PO-00150,Epsilon_Group,2022-01-12,2022-01-17,Office Supplies,Delivered,1563,77.96,70.8,41.0,Yes,False,False,False,5.0,110660.4,11191.079999999994,9.18,2.62,10.0,1.0
PO-00151,Beta_Supplies,2023-11-28,2023-12-07,Office Supplies,Delivered,280,73.07,69.29,30.0,Yes,False,False,False,9.0,19401.2,1058.3999999999965,5.17,10.71,10.0,1.0
PO-00152,Delta_Logistics,2022-04-28,2022-05-12,Raw Materials,Delivered,1067,74.47,64.16,,No,False,False,False,14.0,68458.72,11000.770000000002,13.84,,10.0,0.0
PO-00153,Gamma_Co,2023-11-30,2023-12-17,Electronics,Pending,90,32.38,29.96,7.0,Yes,False,False,True,17.0,2696.4,217.80000000000015,7.47,7.78,11.0,0.0
PO-00154,Gamma_Co,2023-07-04,2023-07-05,Raw Materials,Delivered,1101,24.28,22.73,59.0,No,False,False,False,1.0,25025.73,1706.5500000000009,6.38,5.36,10.0,1.0
PO-00155,Alpha_Inc,2022-10-01,2022-10-11,Raw Materials,Delivered,184,11.82,10.51,4.0,Yes,False,False,False,10.0,1933.84,241.04000000000008,11.08,2.17,10.0,1.0
PO-00156,Epsilon_Group,2023-10-19,2023-11-07,Electronics,Delivered,250,45.92,41.02,3.0,Yes,False,False,False,19.0,10255.0,1224.9999999999995,10.67,1.2,11.0,0.0
PO-00157,Epsilon_Group,2022-12-15,,Packaging,Cancelled,1913,66.56,61.34,61.0,Yes,False,False,False,,117343.42000000001,9985.859999999997,7.84,3.19,11.0,
PO-00158,Beta_Supplies,2022-04-25,2022-04-30,Electronics,Delivered,829,45.98,40.39,,Yes,False,False,False,5.0,33483.31,4634.109999999997,12.16,,11.0,1.0
PO-00159,Delta_Logistics,2022-10-28,2022-11-13,Raw Materials,Delivered,979,51.59,49.69,148.0,Yes,False,False,False,16.0,48646.509999999995,1860.1000000000056,3.68,15.12,10.0,0.0
PO-00160,Epsilon_Group,2023-03-22,2023-04-09,Electronics,Partially Delivered,1106,97.77,90.45,31.0,Yes,False,False,True,18.0,100037.7,8095.919999999993,7.49,2.8,11.0,0.0
PO-00161,Delta_Logistics,2022-06-11,2022-06-24,Office Supplies,Pending,1121,42.38,38.34,152.0,Yes,False,False,True,13.0,42979.14000000001,4528.839999999999,9.53,13.56,10.0,0.0
PO-00162,Alpha_Inc,2023-04-10,2023-04-21,Office Supplies,Delivered,552,60.48,56.78,10.0,Yes,False,False,False,11.0,31342.56,2042.3999999999976,6.12,1.81,10.0,0.0
PO-00163,Gamma_Co,2022-01-04,2022-01-12,Packaging,Delivered,456,80.53,77.86,26.0,Yes,False,False,False,8.0,35504.159999999996,1217.520000000001,3.32,5.7,11.0,1.0
PO-00164,Delta_Logistics,2022-09-27,2022-10-05,Packaging,Delivered,1647,47.52,44.92,,Yes,False,False,False,8.0,73983.24,4282.200000000003,5.47,,11.0,1.0
PO-00165,Epsilon_Group,2023-05-28,2023-06-11,Electronics,Pending,1801,71.27,61.24,43.0,Yes,False,False,True,14.0,110293.24,18064.029999999988,14.07,2.39,11.0,0.0
PO-00166,Gamma_Co,2022-07-02,2022-07-18,Electronics,Delivered,854,90.24,85.53,,Yes,False,False,False,16.0,73042.62,4022.3399999999947,5.22,,11.0,0.0
PO-00167,Delta_Logistics,2023-06-04,2023-06-17,Electronics,Delivered,148,103.57,98.62,23.0,No,False,False,False,13.0,14595.76,732.5999999999983,4.78,15.54,11.0,0.0
PO-00168,Delta_Logistics,2022-04-19,2022-04-24,MRO,Delivered,733,23.59,22.85,92.0,Yes,False,False,False,5.0,16749.05,542.4199999999988,3.14,12.55,12.0,1.0
PO-00169,Beta_Supplies,2023-10-03,2023-10-05,Raw Materials,Delivered,1945,103.2,88.56,,Yes,False,False,False,2.0,172249.2,28474.800000000003,14.19,,10.0,1.0
PO-00170,Gamma_Co,2022-11-02,2022-11-21,Raw Materials,Delivered,775,57.0,49.14,48.0,Yes,False,False,False,19.0,38083.5,6091.5,13.79,6.19,10.0,0.0
PO-00171,Delta_Logistics,2023-10-17,2023-10-21,Packaging,Delivered,1620,36.73,33.45,235.0,No,False,False,False,4.0,54189.00000000001,5313.59999999999,8.93,14.51,11.0,1.0
PO-00172,Beta_Supplies,2023-06-04,2023-06-19,Office Supplies,Delivered,1010,55.68,50.86,,Yes,False,False,False,15.0,51368.6,4868.200000000001,8.66,,10.0,0.0
PO-00173,Epsilon_Group,2023-09-16,2023-10-01,Office Supplies,Delivered,1812,108.02,101.02,51.0,Yes,False,False,False,15.0,183048.24,12684.0,6.48,2.81,10.0,0.0
PO-00174,Delta_Logistics,2022-07-23,2022-07-28,Office Supplies,Delivered,662,55.97,50.0,100.0,Yes,False,False,False,5.0,33100.0,3952.1399999999994,10.67,15.11,10.0,1.0
PO-00175,Beta_Supplies,2022-06-06,2022-06-11,Office Supplies,Pending,1535,40.58,38.71,165.0,Yes,False,False,True,5.0,59419.85,2870.449999999996,4.61,10.75,10.0,1.0
PO-00176,Beta_Supplies,2023-01-18,2023-01-27,Raw Materials,Delivered,692,71.03,67.74,70.0,Yes,False,False,False,9.0,46876.079999999994,2276.6800000000044,4.63,10.12,10.0,1.0
PO-00177,Gamma_Co,2022-06-15,2022-06-28,MRO,Delivered,1842,32.4,28.08,96.0,Yes,False,False,False,13.0,51723.35999999999,7957.4400000000005,13.33,5.21,12.0,0.0
PO-00178,Beta_Supplies,2023-07-07,2023-07-18,Office Supplies,Cancelled,1078,18.34,17.41,102.0,Yes,False,False,True,11.0,18767.98,1002.5399999999997,5.07,9.46,10.0,0.0
PO-00179,Delta_Logistics,2023-06-28,2023-07-16,Packaging,Delivered,1291,23.44,22.23,,Yes,False,False,False,18.0,28698.93,1562.110000000001,5.16,,11.0,0.0
PO-00180,Alpha_Inc,2022-01-01,2022-01-12,Electronics,Delivered,552,21.52,18.79,13.0,Yes,False,False,False,11.0,10372.08,1506.9600000000003,12.69,2.36,11.0,1.0
PO-00181,Epsilon_Group,2023-09-06,2023-09-22,Electronics,Delivered,816,26.04,25.61,28.0,Yes,False,False,False,16.0,20897.76,350.87999999999977,1.65,3.43,11.0,0.0
PO-00182,Delta_Logistics,2022-11-28,2022-11-30,Packaging,Delivered,447,23.62,21.81,50.0,Yes,False,False,False,2.0,9749.07,809.0700000000011,7.66,11.19,11.0,1.0
PO-00183,Delta_Logistics,2023-05-16,2023-05-24,Packaging,Partially Delivered,920,73.09,70.14,,Yes,False,False,True,8.0,64528.8,2714.0000000000027,4.04,,11.0,1.0
PO-00184,Epsilon_Group,2022-01-20,2022-01-30,Packaging,Partially Delivered,844,26.37,25.08,38.0,Yes,False,False,True,10.0,21167.519999999997,1088.7600000000023,4.89,4.5,11.0,1.0
PO-00185,Epsilon_Group,2022-04-25,,MRO,Delivered,442,41.73,36.45,15.0,Yes,False,True,False,,16110.900000000001,2333.7599999999975,12.65,3.39,12.0,
PO-00186,Beta_Supplies,2023-01-07,2023-01-21,Electronics,Cancelled,256,96.15,83.44,26.0,Yes,False,False,True,14.0,21360.64,3253.760000000002,13.22,10.16,11.0,0.0
PO-00187,Delta_Logistics,2022-11-11,,MRO,Partially Delivered,1088,55.29,53.04,161.0,No,False,False,False,,57707.52,2448.0,4.07,14.8,12.0,
PO-00188,Beta_Supplies,2022-09-03,2022-09-07,Office Supplies,Delivered,1931,72.88,64.69,187.0,Yes,False,False,False,4.0,124916.39,15814.889999999996,11.24,9.68,10.0,1.0
PO-00189,Gamma_Co,2022-03-01,2022-03-11,Electronics,Delivered,1627,25.76,25.09,74.0,Yes,False,False,False,10.0,40821.43,1090.0900000000029,2.6,4.55,11.0,1.0
PO-00190,Beta_Supplies,2022-09-04,,Packaging,Delivered,941,28.4,27.21,,No,False,True,False,,25604.61,1119.789999999998,4.19,,11.0,
PO-00191,Gamma_Co,2023-08-04,2023-08-06,MRO,Delivered,1534,14.98,12.79,,Yes,False,False,False,2.0,19619.859999999997,3359.460000000002,14.62,,12.0,1.0
PO-00192,Alpha_Inc,2022-03-22,2022-04-03,Raw Materials,Delivered,1764,25.46,24.52,46.0,Yes,False,False,False,12.0,43253.28,1658.1600000000024,3.69,2.61,10.0,0.0
PO-00193,Delta_Logistics,2022-03-29,2022-04-06,Electronics,Delivered,1648,35.42,31.46,,No,False,False,False,8.0,51846.08,6526.080000000002,11.18,,11.0,1.0
PO-00194,Gamma_Co,2023-05-13,2023-06-01,Packaging,Delivered,913,28.01,24.06,53.0,Yes,False,False,False,19.0,21966.78,3606.3500000000026,14.1,5.81,11.0,0.0
PO-00195,Alpha_Inc,2022-03-12,2022-03-18,Packaging,Cancelled,792,18.16,17.25,17.0,Yes,False,False,True,6.0,13662.0,720.7200000000001,5.01,2.15,11.0,1.0
PO-00196,Epsilon_Group,2023-06-30,2023-07-03,Office Supplies,Partially Delivered,1314,22.63,21.06,44.0,Yes,False,False,True,3.0,27672.839999999997,2062.9800000000005,6.94,3.35,10.0,1.0
PO-00197,Beta_Supplies,2022-05-09,2022-05-22,MRO,Delivered,613,52.5,45.19,70.0,Yes,False,False,False,13.0,27701.469999999998,4481.030000000002,13.92,11.42,12.0,0.0
PO-00198,Alpha_Inc,2022-05-12,2022-05-20,Office Supplies,Delivered,1070,29.14,26.63,24.0,Yes,False,False,False,8.0,28494.1,2685.7000000000016,8.61,2.24,10.0,1.0
PO-00199,Gamma_Co,2023-11-07,2023-11-26,Raw Materials,Partially Delivered,145,47.49,42.76,6.0,Yes,False,False,True,19.0,6200.2,685.8500000000006,9.96,4.14,10.0,0.0
PO-00200,Delta_Logistics,2023-05-02,2023-05-17,Raw Materials,Delivered,1973,59.73,54.95,291.0,Yes,False,False,False,15.0,108416.35,9430.939999999988,8.0,14.75,10.0,0.0
PO-00201,Epsilon_Group,2023-07-17,2023-08-01,Office Supplies,Delivered,1807,78.63,73.08,100.0,Yes,False,False,False,15.0,132055.56,10028.849999999995,7.06,5.53,10.0,0.0
PO-00202,Epsilon_Group,2022-06-19,2022-06-20,Electronics,Delivered,534,13.88,12.51,100.0,Yes,False,False,False,1.0,6680.34,731.5800000000005,9.87,18.73,11.0,1.0
PO-00203,Alpha_Inc,2022-09-29,2022-10-14,Electronics,Delivered,1480,85.22,75.48,100.0,Yes,False,False,False,15.0,111710.40000000001,14415.199999999992,11.43,6.76,11.0,0.0
PO-00204,Alpha_Inc,2023-06-25,,Office Supplies,Delivered,280,72.16,62.38,100.0,Yes,False,True,False,,17466.4,2738.3999999999983,13.55,35.71,10.0,
PO-00205,Beta_Supplies,2023-09-14,2023-09-20,Office Supplies,Cancelled,798,19.09,17.76,100.0,Yes,False,False,True,6.0,14172.480000000001,1061.3399999999986,6.97,12.53,10.0,1.0
PO-00206,Epsilon_Group,2023-03-10,2023-03-22,Electronics,Delivered,1728,94.83,90.2,100.0,Yes,False,False,False,12.0,155865.6,8000.639999999992,4.88,5.79,11.0,0.0
PO-00207,Epsilon_Group,2022-08-05,,MRO,Delivered,1244,96.13,84.78,43.0,Yes,False,True,False,,105466.32,14119.399999999992,11.81,3.46,12.0,
PO-00208,Beta_Supplies,2023-07-07,2023-07-21,Office Supplies,Delivered,590,16.89,15.56,46.0,No,False,False,False,14.0,9180.4,784.7,7.87,7.8,10.0,0.0
PO-00209,Delta_Logistics,2023-12-08,2023-12-23,Packaging,Delivered,1109,38.93,33.33,152.0,Yes,False,False,False,15.0,36962.97,6210.4000000000015,14.38,13.71,11.0,0.0
PO-00210,Beta_Supplies,2022-07-25,2022-08-01,MRO,Delivered,574,85.03,82.55,54.0,Yes,False,False,False,7.0,47383.7,1423.5200000000023,2.92,9.41,12.0,1.0
PO-00211,Gamma_Co,2024-01-01,,Office Supplies,Delivered,1233,86.62,76.59,65.0,Yes,False,True,False,,94435.47,12366.990000000002,11.58,5.27,10.0,
PO-00212,Gamma_Co,2022-11-16,2022-11-20,Packaging,Delivered,1912,27.94,25.59,83.0,No,False,False,False,4.0,48928.08,4493.200000000003,8.41,4.34,11.0,1.0
PO-00213,Alpha_Inc,2023-02-13,2023-03-04,Packaging,Delivered,1772,30.72,27.76,46.0,No,False,False,False,19.0,49190.72,5245.119999999995,9.64,2.6,11.0,0.0
PO-00214,Beta_Supplies,2023-11-19,2023-11-29,Office Supplies,Delivered,1316,48.11,41.9,135.0,Yes,False,False,False,10.0,55140.4,8172.3600000000015,12.91,10.26,10.0,1.0
PO-00215,Beta_Supplies,2023-10-28,,Office Supplies,Delivered,1159,59.24,58.08,,Yes,False,True,False,,67314.72,1344.4400000000044,1.96,,10.0,
PO-00216,Alpha_Inc,2023-01-18,2023-01-31,Office Supplies,Delivered,1869,69.58,67.5,31.0,Yes,False,False,False,13.0,126157.5,3887.519999999997,2.99,1.66,10.0,0.0
PO-00217,Delta_Logistics,2023-03-25,2023-04-13,Packaging,Delivered,627,46.23,42.87,,Yes,False,False,False,19.0,26879.489999999998,2106.72,7.27,,11.0,0.0
PO-00218,Beta_Supplies,2023-06-14,2023-06-16,Raw Materials,Pending,731,56.02,54.78,70.0,No,False,False,True,2.0,40044.18,906.4400000000014,2.21,9.58,10.0,1.0
PO-00219,Epsilon_Group,2023-04-08,,Office Supplies,Cancelled,606,83.07,79.22,16.0,Yes,False,False,False,,48007.32,2333.0999999999967,4.63,2.64,10.0,
PO-00220,Beta_Supplies,2022-05-04,2022-05-14,Office Supplies,Delivered,1647,13.57,12.33,157.0,Yes,False,False,False,10.0,20307.51,2042.2800000000004,9.14,9.53,10.0,1.0
PO-00221,Delta_Logistics,2022-09-11,2022-09-19,MRO,Delivered,1062,34.03,30.46,,Yes,False,False,False,8.0,32348.52,3791.34,10.49,,12.0,1.0
PO-00222,Beta_Supplies,2022-08-19,2022-08-31,Office Supplies,Delivered,695,76.8,69.76,,No,False,False,False,12.0,48483.200000000004,4892.799999999995,9.17,,10.0,0.0
PO-00223,Epsilon_Group,2022-03-07,2022-03-14,MRO,Delivered,845,91.47,86.97,,Yes,False,False,False,7.0,73489.65,3802.5,4.92,,12.0,1.0
PO-00224,Gamma_Co,2022-12-13,2022-12-18,MRO,Delivered,1101,59.13,52.51,54.0,Yes,False,False,False,5.0,57813.509999999995,7288.620000000005,11.2,4.9,12.0,1.0
PO-00225,Gamma_Co,2022-01-22,2022-01-24,Raw Materials,Delivered,1693,57.89,49.84,88.0,Yes,False,False,False,2.0,84379.12000000001,13628.649999999996,13.91,5.2,10.0,1.0
PO-00226,Delta_Logistics,2023-08-26,2023-09-10,Office Supplies,Cancelled,1629,21.51,19.41,250.0,No,False,False,True,15.0,31618.89,3420.9000000000024,9.76,15.35,10.0,0.0
PO-00227,Delta_Logistics,2023-07-22,2023-08-03,Raw Materials,Delivered,1413,54.79,50.42,,Yes,False,False,False,12.0,71243.46,6174.809999999997,7.98,,10.0,0.0
PO-00228,Epsilon_Group,2022-08-24,2022-08-27,Packaging,Delivered,1871,59.96,58.54,47.0,Yes,False,False,False,3.0,109528.34,2656.8200000000033,2.37,2.51,11.0,1.0
PO-00229,Gamma_Co,2023-08-26,,Raw Materials,Delivered,1404,34.85,30.5,78.0,Yes,False,True,False,,42822.0,6107.400000000002,12.48,5.56,10.0,
PO-00230,Gamma_Co,2022-08-14,2022-08-28,Electronics,Delivered,1713,35.43,34.11,74.0,Yes,False,False,False,14.0,58430.43,2261.1600000000003,3.73,4.32,11.0,0.0
PO-00231,Gamma_Co,2022-01-08,2022-01-13,Electronics,Delivered,1579,43.96,43.41,74.0,Yes,False,False,False,5.0,68544.39,868.4500000000068,1.25,4.69,11.0,1.0
PO-00232,Gamma_Co,2022-03-14,2022-03-26,Electronics,Delivered,1421,11.92,11.72,76.0,Yes,False,False,False,12.0,16654.120000000003,284.19999999999897,1.68,5.35,11.0,0.0
PO-00233,Epsilon_Group,2023-12-26,2024-01-04,MRO,Delivered,1546,43.47,37.37,53.0,Yes,False,False,False,9.0,57774.02,9430.600000000002,14.03,3.43,12.0,1.0
PO-00234,Delta_Logistics,2023-10-09,2023-10-18,Electronics,Delivered,1304,32.08,29.36,,Yes,False,False,False,9.0,38285.44,3546.8799999999983,8.48,,11.0,1.0
PO-00235,Delta_Logistics,2022-03-02,,Raw Materials,Delivered,239,39.87,35.47,32.0,Yes,False,True,False,,8477.33,1051.5999999999997,11.04,13.39,10.0,
PO-00236,Alpha_Inc,2022-08-23,,Office Supplies,Delivered,1298,21.51,20.83,,Yes,False,True,False,,27037.339999999997,882.6400000000042,3.16,,10.0,
PO-00237,Delta_Logistics,2022-03-11,,MRO,Delivered,1458,91.05,81.56,220.0,Yes,False,True,False,,118914.48000000001,13836.419999999993,10.42,15.09,12.0,
PO-00238,Gamma_Co,2022-02-02,2022-02-13,MRO,Delivered,1450,63.74,59.11,71.0,Yes,False,False,False,11.0,85709.5,6713.500000000004,7.26,4.9,12.0,1.0
PO-00239,Beta_Supplies,2022-12-05,2022-12-20,Electronics,Delivered,1356,75.03,63.86,131.0,Yes,False,False,False,15.0,86594.16,15146.520000000002,14.89,9.66,11.0,0.0
PO-00240,Gamma_Co,2022-03-14,,Packaging,Delivered,682,81.84,71.86,40.0,Yes,False,True,False,,49008.52,6806.360000000002,12.19,5.87,11.0,
PO-00241,Gamma_Co,2023-06-11,2023-06-19,Packaging,Delivered,677,59.52,55.29,39.0,Yes,False,False,False,8.0,37431.33,2863.7100000000028,7.11,5.76,11.0,1.0
PO-00242,Delta_Logistics,2022-09-01,2022-09-14,Office Supplies,Delivered,1022,18.54,16.55,150.0,Yes,False,False,False,13.0,16914.100000000002,2033.7799999999984,10.73,14.68,10.0,0.0
PO-00243,Alpha_Inc,2022-10-13,,Raw Materials,Delivered,1818,60.96,57.13,41.0,Yes,False,True,False,,103862.34000000001,6962.939999999997,6.28,2.26,10.0,
PO-00244,Epsilon_Group,2023-11-17,2023-11-29,Electronics,Delivered,1332,69.73,63.8,41.0,Yes,False,False,False,12.0,84981.59999999999,7898.760000000009,8.5,3.08,11.0,0.0
PO-00245,Beta_Supplies,2023-05-13,2023-05-26,Raw Materials,Delivered,1432,83.26,77.67,174.0,Yes,False,False,False,13.0,111223.44,8004.880000000005,6.71,12.15,10.0,0.0
PO-00246,Beta_Supplies,2022-08-08,2022-08-26,Packaging,Pending,759,50.56,46.47,63.0,No,False,False,True,18.0,35270.729999999996,3104.3100000000027,8.09,8.3,11.0,0.0
PO-00247,Alpha_Inc,2023-07-07,2023-07-19,Packaging,Delivered,1529,23.42,22.44,30.0,Yes,False,False,False,12.0,34310.76,1498.4200000000008,4.18,1.96,11.0,0.0
PO-00248,Gamma_Co,2022-05-16,2022-05-25,Electronics,Delivered,1484,36.25,31.8,61.0,Yes,False,False,False,9.0,47191.200000000004,6603.799999999999,12.28,4.11,11.0,1.0
PO-00249,Epsilon_Group,2023-08-08,2023-08-20,Packaging,Delivered,698,46.73,45.61,15.0,Yes,False,False,False,12.0,31835.78,781.7599999999982,2.4,2.15,11.0,0.0
PO-00250,Epsilon_Group,2023-08-14,2023-08-22,Packaging,Pending,367,74.61,71.36,13.0,Yes,False,False,True,8.0,26189.12,1192.75,4.36,3.54,11.0,1.0
PO-00251,Epsilon_Group,2023-04-30,2023-05-20,Office Supplies,Partially Delivered,1750,65.97,58.34,50.0,Yes,False,False,True,20.0,102095.0,13352.499999999993,11.57,2.86,10.0,0.0
PO-00252,Delta_Logistics,2022-09-06,2022-09-24,Office Supplies,Partially Delivered,1298,43.73,37.21,,No,False,False,True,18.0,48298.58,8462.959999999995,14.91,,10.0,0.0
PO-00253,Gamma_Co,2023-04-30,2023-05-20,Packaging,Delivered,1892,106.2,96.37,93.0,Yes,False,False,False,20.0,182332.04,18598.359999999997,9.26,4.92,11.0,0.0
PO-00254,Beta_Supplies,2023-02-21,2023-02-24,Electronics,Delivered,1307,68.71,60.64,141.0,Yes,False,False,False,3.0,79256.48,10547.48999999999,11.75,10.79,11.0,1.0
PO-00255,Beta_Supplies,2022-07-14,2022-07-29,Electronics,Delivered,733,32.29,29.01,78.0,Yes,False,False,False,15.0,21264.33,2404.2399999999984,10.16,10.64,11.0,0.0
PO-00256,Gamma_Co,2022-04-07,,Packaging,Delivered,713,19.45,18.82,31.0,Yes,False,True,False,,13418.66,449.1899999999993,3.24,4.35,11.0,
PO-00257,Beta_Supplies,2022-04-10,2022-04-24,Packaging,Delivered,1900,24.11,23.45,188.0,Yes,False,False,False,14.0,44555.0,1254.0000000000002,2.74,9.89,11.0,0.0
PO-00258,Delta_Logistics,2023-11-06,2023-11-08,MRO,Cancelled,1447,35.67,35.07,224.0,No,False,False,True,2.0,50746.29,868.2000000000021,1.68,15.48,12.0,1.0
PO-00259,Epsilon_Group,2023-03-18,,Office Supplies,Delivered,1745,26.17,22.25,55.0,Yes,False,True,False,,38826.25,6840.400000000003,14.98,3.15,10.0,
PO-00260,Beta_Supplies,2022-12-29,2023-01-14,Office Supplies,Delivered,1681,28.26,26.62,143.0,Yes,False,False,False,16.0,44748.22,2756.840000000001,5.8,8.51,10.0,0.0
PO-00261,Delta_Logistics,2023-03-10,2023-03-18,Electronics,Delivered,1545,38.15,36.96,214.0,Yes,False,False,False,8.0,57103.200000000004,1838.5499999999965,3.12,13.85,11.0,1.0
PO-00262,Epsilon_Group,2023-02-25,2023-03-02,Raw Materials,Delivered,1306,27.27,25.96,39.0,Yes,False,False,False,5.0,33903.76,1710.8599999999983,4.8,2.99,10.0,1.0
PO-00263,Gamma_Co,2023-04-24,2023-05-06,Raw Materials,Delivered,1765,97.51,84.3,65.0,Yes,False,False,False,12.0,148789.5,23315.650000000012,13.55,3.68,10.0,0.0
PO-00264,Gamma_Co,2022-02-25,2022-03-15,Packaging,Cancelled,1186,17.31,16.0,64.0,Yes,False,False,True,18.0,18976.0,1553.6599999999985,7.57,5.4,11.0,0.0
PO-00265,Delta_Logistics,2023-11-21,2023-11-26,Packaging,Delivered,1903,63.5,56.09,254.0,Yes,False,False,False,5.0,106739.27,14101.229999999994,11.67,13.35,11.0,1.0
PO-00266,Delta_Logistics,2023-11-01,2023-11-05,MRO,Delivered,1570,52.1,47.87,,No,False,False,False,4.0,75155.9,6641.100000000006,8.12,,12.0,1.0
PO-00267,Delta_Logistics,2023-10-24,2023-11-13,MRO,Delivered,491,108.75,93.35,,No,False,False,False,20.0,45834.85,7561.400000000002,14.16,,12.0,0.0
PO-00268,Beta_Supplies,2022-04-11,2022-04-20,Electronics,Partially Delivered,613,20.38,20.17,58.0,Yes,False,False,True,9.0,12364.210000000001,128.72999999999834,1.03,9.46,11.0,1.0
PO-00269,Gamma_Co,2022-03-04,2022-03-16,Raw Materials,Partially Delivered,1341,46.27,43.94,63.0,Yes,False,False,True,12.0,58923.53999999999,3124.530000000007,5.04,4.7,10.0,0.0
PO-00270,Beta_Supplies,2023-02-17,2023-03-04,MRO,Partially Delivered,1583,103.57,89.38,164.0,Yes,False,False,True,15.0,141488.53999999998,22462.769999999997,13.7,10.36,12.0,0.0
PO-00271,Beta_Supplies,2022-12-14,,Raw Materials,Cancelled,1880,92.73,90.78,173.0,Yes,False,False,False,,170666.4,3666.0000000000055,2.1,9.2,10.0,
PO-00272,Epsilon_Group,2022-04-22,2022-04-26,MRO,Delivered,1459,84.79,82.72,47.0,Yes,False,False,False,4.0,120688.48,3020.1300000000106,2.44,3.22,12.0,1.0
PO-00273,Delta_Logistics,2022-09-12,,Office Supplies,Delivered,1460,34.54,31.87,208.0,No,False,True,False,,46530.200000000004,3898.199999999997,7.73,14.25,10.0,
PO-00274,Beta_Supplies,2022-07-16,2022-07-28,Packaging,Partially Delivered,1186,26.14,24.78,112.0,Yes,False,False,True,12.0,29389.08,1612.9599999999994,5.2,9.44,11.0,0.0
PO-00275,Epsilon_Group,2022-07-14,2022-07-23,MRO,Pending,1686,72.28,65.21,53.0,Yes,False,False,True,9.0,109944.05999999998,11920.020000000013,9.78,3.14,12.0,1.0
PO-00276,Alpha_Inc,2023-07-04,2023-07-08,MRO,Delivered,1698,102.07,100.69,28.0,Yes,False,False,False,4.0,170971.62,2343.2399999999925,1.35,1.65,12.0,1.0
PO-00277,Epsilon_Group,2023-04-05,,Electronics,Delivered,1001,64.62,55.7,32.0,Yes,False,True,False,,55755.700000000004,8928.920000000002,13.8,3.2,11.0,
PO-00278,Alpha_Inc,2022-05-24,2022-05-27,Office Supplies,Delivered,1154,62.67,54.11,25.0,Yes,False,False,False,3.0,62442.94,9878.240000000003,13.66,2.17,10.0,1.0
PO-00279,Alpha_Inc,2023-03-09,2023-03-29,Packaging,Cancelled,748,37.66,32.71,,No,False,False,True,20.0,24467.08,3702.5999999999967,13.14,,11.0,0.0
PO-00280,Alpha_Inc,2022-07-07,,Office Supplies,Delivered,162,81.63,78.76,2.0,Yes,False,True,False,,12759.12,464.93999999999846,3.52,1.23,10.0,
PO-00281,Alpha_Inc,2022-10-13,2022-10-24,Packaging,Delivered,51,28.04,24.13,0.0,Yes,False,False,False,11.0,1230.6299999999999,199.41,13.94,0.0,11.0,1.0
PO-00282,Delta_Logistics,2023-04-19,2023-04-24,Office Supplies,Delivered,691,42.07,39.1,106.0,Yes,False,False,False,5.0,27018.100000000002,2052.269999999999,7.06,15.34,10.0,1.0
PO-00283,Beta_Supplies,2022-09-13,2022-09-20,Office Supplies,Delivered,269,50.22,45.75,32.0,No,False,False,False,7.0,12306.75,1202.4299999999996,8.9,11.9,10.0,1.0
PO-00284,Beta_Supplies,2022-03-19,2022-04-06,Electronics,Pending,1639,56.24,55.4,147.0,Yes,False,False,True,18.0,90800.59999999999,1376.7600000000057,1.49,8.97,11.0,0.0
PO-00285,Alpha_Inc,2023-03-30,2023-04-06,Raw Materials,Delivered,904,34.04,30.06,26.0,Yes,False,False,False,7.0,27174.239999999998,3597.9200000000005,11.69,2.88,10.0,1.0
PO-00286,Beta_Supplies,2023-07-18,2023-07-26,Office Supplies,Delivered,1809,22.17,19.65,,Yes,False,False,False,8.0,35546.85,4558.680000000006,11.37,,10.0,1.0
PO-00287,Alpha_Inc,2022-04-11,2022-04-16,Packaging,Delivered,1298,65.93,58.95,,Yes,False,False,False,5.0,76517.1,9060.040000000005,10.59,,11.0,1.0
PO-00288,Beta_Supplies,2022-02-21,2022-03-13,Packaging,Delivered,434,36.16,34.79,41.0,Yes,False,False,False,20.0,15098.859999999999,594.5799999999989,3.79,9.45,11.0,0.0
PO-00289,Epsilon_Group,2023-10-30,2023-11-04,Electronics,Delivered,1476,68.85,65.28,43.0,Yes,False,False,False,5.0,96353.28,5269.31999999999,5.19,2.91,11.0,1.0
PO-00290,Delta_Logistics,2023-07-08,,Raw Materials,Partially Delivered,1711,26.04,24.81,290.0,Yes,False,False,False,,42449.909999999996,2104.5300000000007,4.72,16.95,10.0,
PO-00291,Gamma_Co,2022-01-16,2022-01-22,Packaging,Delivered,1203,53.3,47.68,49.0,Yes,False,False,False,6.0,57359.04,6760.859999999997,10.54,4.07,11.0,1.0
PO-00292,Alpha_Inc,2022-04-06,2022-04-07,Electronics,Delivered,1126,58.8,52.22,,Yes,False,False,False,1.0,58799.72,7409.079999999998,11.19,,11.0,1.0
PO-00293,Epsilon_Group,2022-08-31,2022-09-12,Packaging,Delivered,1757,15.18,13.06,63.0,Yes,False,False,False,12.0,22946.420000000002,3724.839999999999,13.97,3.59,11.0,0.0
PO-00294,Epsilon_Group,2022-06-20,2022-06-28,MRO,Delivered,779,41.3,36.28,20.0,Yes,False,False,False,8.0,28262.120000000003,3910.5799999999967,12.15,2.57,12.0,1.0
PO-00295,Delta_Logistics,2023-02-21,2023-02-22,Office Supplies,Delivered,1745,23.53,22.57,282.0,No,False,False,False,1.0,39384.65,1675.2000000000014,4.08,16.16,10.0,1.0
PO-00296,Delta_Logistics,2023-05-13,2023-05-15,Raw Materials,Delivered,1783,16.96,15.8,295.0,Yes,False,False,False,2.0,28171.4,2068.28,6.84,16.55,10.0,1.0
PO-00297,Alpha_Inc,2023-05-08,2023-05-22,Office Supplies,Partially Delivered,1489,107.02,93.3,,Yes,False,False,True,14.0,138923.69999999998,20429.079999999998,12.82,,10.0,0.0
PO-00298,Alpha_Inc,2022-08-07,2022-08-10,Office Supplies,Delivered,296,40.38,35.25,,Yes,False,False,False,3.0,10434.0,1518.4800000000007,12.7,,10.0,1.0
PO-00299,Epsilon_Group,2023-02-15,2023-02-27,MRO,Delivered,885,88.28,80.8,31.0,Yes,False,False,False,12.0,71508.0,6619.800000000004,8.47,3.5,12.0,1.0
PO-00300,Epsilon_Group,2022-03-02,2022-03-06,Raw Materials,Pending,1512,33.25,30.15,53.0,Yes,False,False,True,4.0,45586.799999999996,4687.200000000003,9.32,3.51,10.0,1.0
PO-00301,Delta_Logistics,2022-06-18,2022-06-26,Office Supplies,Delivered,252,73.12,67.64,,No,False,False,False,8.0,17045.28,1380.960000000001,7.49,,10.0,1.0
PO-00302,Alpha_Inc,2023-01-24,,Electronics,Cancelled,1257,83.13,81.89,30.0,Yes,False,False,False,,102935.73,1558.6799999999935,1.49,2.39,11.0,
PO-00303,Alpha_Inc,2022-01-03,2022-01-20,Packaging,Delivered,172,63.61,55.92,4.0,Yes,False,False,False,17.0,9618.24,1322.6799999999996,12.09,2.33,11.0,0.0
PO-00304,Epsilon_Group,2023-02-04,2023-02-05,Packaging,Pending,450,55.85,49.88,9.0,Yes,False,False,True,1.0,22446.0,2686.4999999999995,10.69,2.0,11.0,1.0
PO-00305,Gamma_Co,2022-09-29,2022-10-15,Electronics,Delivered,816,48.95,43.42,45.0,Yes,False,False,False,16.0,35430.72,4512.480000000001,11.3,5.51,11.0,0.0
PO-00306,Epsilon_Group,2023-04-11,2023-04-25,Packaging,Delivered,343,44.5,38.57,7.0,Yes,False,False,False,14.0,13229.51,2033.99,13.33,2.04,11.0,0.0
PO-00307,Gamma_Co,2022-10-20,2022-11-05,MRO,Delivered,329,97.87,85.35,21.0,No,False,False,False,16.0,28080.149999999998,4119.080000000004,12.79,6.38,12.0,0.0
PO-00308,Alpha_Inc,2023-03-10,2023-03-25,Electronics,Delivered,1910,90.69,85.8,,Yes,False,False,False,15.0,163878.0,9339.900000000001,5.39,,11.0,0.0
PO-00309,Epsilon_Group,2023-12-15,2023-12-18,MRO,Delivered,933,107.99,104.29,29.0,Yes,False,False,False,3.0,97302.57,3452.0999999999894,3.43,3.11,12.0,1.0
PO-00310,Delta_Logistics,2023-07-24,2023-07-29,Raw Materials,Delivered,1683,23.09,21.88,253.0,Yes,False,False,False,5.0,36824.04,2036.4300000000014,5.24,15.03,10.0,1.0
PO-00311,Beta_Supplies,2023-11-09,2023-11-18,Packaging,Pending,247,84.11,71.97,,Yes,False,False,True,9.0,17776.59,2998.58,14.43,,11.0,1.0
PO-00312,Alpha_Inc,2023-05-14,2023-06-02,MRO,Delivered,1031,102.01,98.65,,Yes,False,False,False,19.0,101708.15000000001,3464.1599999999994,3.29,,12.0,0.0
PO-00313,Alpha_Inc,2022-06-08,2022-06-19,Packaging,Delivered,1980,26.97,24.16,41.0,Yes,False,False,False,11.0,47836.8,5563.799999999997,10.42,2.07,11.0,1.0
PO-00314,Epsilon_Group,2022-07-14,2022-08-03,Raw Materials,Delivered,1584,16.46,14.2,57.0,Yes,False,False,False,20.0,22492.8,3579.8400000000024,13.73,3.6,10.0,0.0
PO-00315,Beta_Supplies,2022-10-31,2022-11-15,Office Supplies,Delivered,801,80.15,70.91,,Yes,False,False,False,15.0,56798.909999999996,7401.240000000007,11.53,,10.0,0.0
PO-00316,Beta_Supplies,2022-08-11,2022-08-25,Packaging,Delivered,193,63.86,57.46,,Yes,False,False,False,14.0,11089.78,1235.1999999999998,10.02,,11.0,0.0
PO-00317,Beta_Supplies,2022-03-01,2022-03-05,Raw Materials,Delivered,658,86.62,79.85,72.0,Yes,False,False,False,4.0,52541.299999999996,4454.660000000007,7.82,10.94,10.0,1.0
PO-00318,Epsilon_Group,2023-08-17,2023-09-04,Electronics,Delivered,1274,24.72,23.36,37.0,Yes,False,False,False,18.0,29760.64,1732.6399999999992,5.5,2.9,11.0,0.0
PO-00319,Epsilon_Group,2023-07-10,2023-07-17,Packaging,Partially Delivered,1197,88.92,78.82,31.0,Yes,False,False,True,7.0,94347.54,12089.70000000001,11.36,2.59,11.0,1.0
PO-00320,Gamma_Co,2022-03-04,2022-03-12,Electronics,Delivered,236,28.43,28.11,11.0,Yes,False,False,False,8.0,6633.96,75.52000000000007,1.13,4.66,11.0,1.0
PO-00321,Gamma_Co,2022-11-18,2022-12-03,Raw Materials,Partially Delivered,1399,25.97,22.19,62.0,Yes,False,False,True,15.0,31043.81,5288.219999999997,14.56,4.43,10.0,0.0
PO-00322,Gamma_Co,2022-02-28,2022-03-04,Electronics,Delivered,513,24.91,22.58,29.0,Yes,False,False,False,4.0,11583.539999999999,1195.2900000000009,9.35,5.65,11.0,1.0
PO-00323,Delta_Logistics,2022-02-21,2022-03-04,MRO,Delivered,1422,83.73,76.47,198.0,Yes,False,False,False,11.0,108740.34,10323.720000000007,8.67,13.92,12.0,1.0
PO-00324,Alpha_Inc,2023-08-22,2023-09-03,Office Supplies,Delivered,1844,76.51,73.05,,Yes,False,False,False,12.0,134704.19999999998,6380.240000000014,4.52,,10.0,0.0
PO-00325,Gamma_Co,2023-05-04,,Electronics,Delivered,709,61.64,54.55,41.0,Yes,False,True,False,,38675.95,5026.810000000002,11.5,5.78,11.0,
PO-00326,Delta_Logistics,2023-05-30,2023-06-15,MRO,Delivered,813,45.68,41.78,,No,False,False,False,16.0,33967.14,3170.699999999999,8.54,,12.0,0.0
PO-00327,Delta_Logistics,2023-06-28,2023-07-01,Office Supplies,Delivered,1004,96.51,92.9,146.0,No,False,False,False,3.0,93271.6,3624.4399999999996,3.74,14.54,10.0,1.0
PO-00328,Epsilon_Group,2022-06-11,2022-06-15,Raw Materials,Delivered,452,46.45,40.39,9.0,Yes,False,False,False,4.0,18256.28,2739.120000000001,13.05,1.99,10.0,1.0
PO-00329,Beta_Supplies,2022-02-28,2022-03-12,Raw Materials,Pending,1419,83.91,71.46,137.0,Yes,False,False,True,12.0,101401.73999999999,17666.550000000003,14.84,9.65,10.0,0.0
PO-00330,Beta_Supplies,2023-06-05,2023-06-23,Packaging,Delivered,1584,53.73,51.92,167.0,No,False,False,False,18.0,82241.28,2867.0399999999922,3.37,10.54,11.0,0.0
PO-00331,Gamma_Co,2022-03-24,2022-04-11,MRO,Pending,196,44.36,43.81,6.0,Yes,False,False,True,18.0,8586.76,107.79999999999944,1.24,3.06,12.0,0.0
PO-00332,Alpha_Inc,2022-07-10,2022-07-14,Office Supplies,Delivered,1221,53.19,46.18,29.0,Yes,False,False,False,4.0,56385.78,8559.209999999997,13.18,2.38,10.0,1.0
PO-00333,Alpha_Inc,2022-03-12,2022-03-26,Packaging,Delivered,913,37.5,36.2,,Yes,False,False,False,14.0,33050.600000000006,1186.8999999999974,3.47,,11.0,0.0
PO-00334,Alpha_Inc,2023-09-02,2023-09-04,Packaging,Delivered,1784,85.01,76.69,37.0,Yes,False,False,False,2.0,136814.96,14842.880000000014,9.79,2.07,11.0,1.0
PO-00335,Delta_Logistics,2022-03-11,,Raw Materials,Delivered,1893,55.8,52.35,,Yes,False,True,False,,99098.55,6530.849999999992,6.18,,10.0,
PO-00336,Delta_Logistics,2023-11-23,2023-12-05,Electronics,Pending,538,34.3,32.25,84.0,No,False,False,True,12.0,17350.5,1102.8999999999985,5.98,15.61,11.0,0.0
PO-00337,Delta_Logistics,2022-08-29,2022-09-15,Office Supplies,Pending,978,94.15,87.7,149.0,No,False,False,True,17.0,85770.6,6308.100000000003,6.85,15.24,10.0,0.0
PO-00338,Epsilon_Group,2023-02-18,2023-03-06,Raw Materials,Cancelled,1713,47.45,42.05,53.0,Yes,False,False,True,16.0,72031.65,9250.20000000001,11.38,3.09,10.0,0.0
PO-00339,Delta_Logistics,2022-05-03,2022-05-07,Raw Materials,Pending,600,60.1,57.92,95.0,No,False,False,True,4.0,34752.0,1307.9999999999998,3.63,15.83,10.0,1.0
PO-00340,Alpha_Inc,2023-08-07,2023-08-25,Electronics,Pending,387,100.28,85.54,5.0,Yes,False,False,True,18.0,33103.98,5704.379999999998,14.7,1.29,11.0,0.0
PO-00341,Alpha_Inc,2022-09-10,2022-09-19,MRO,Pending,921,68.83,59.13,22.0,Yes,False,False,True,9.0,54458.73,8933.699999999995,14.09,2.39,12.0,1.0
PO-00342,Beta_Supplies,2023-08-16,2023-08-30,MRO,Delivered,690,22.47,21.94,77.0,Yes,False,False,False,14.0,15138.6,365.69999999999834,2.36,11.16,12.0,0.0
PO-00343,Alpha_Inc,2023-09-01,2023-09-21,Office Supplies,Cancelled,1852,104.04,94.89,36.0,Yes,False,False,True,20.0,175736.28,16945.80000000001,8.79,1.94,10.0,0.0
PO-00344,Delta_Logistics,2022-02-10,2022-02-28,Electronics,Delivered,522,66.83,58.01,74.0,Yes,False,False,False,18.0,30281.219999999998,4604.04,13.2,14.18,11.0,0.0
PO-00345,Delta_Logistics,2023-09-27,2023-10-06,Electronics,Delivered,200,44.16,43.13,21.0,Yes,False,False,False,9.0,8626.0,205.9999999999988,2.33,10.5,11.0,1.0
PO-00346,Gamma_Co,2022-03-25,2022-04-03,Packaging,Delivered,1488,22.76,21.99,,Yes,False,False,False,9.0,32721.12,1145.7600000000048,3.38,,11.0,1.0
PO-00347,Epsilon_Group,2023-03-06,2023-03-16,Electronics,Delivered,1371,87.16,78.13,43.0,Yes,False,False,False,10.0,107116.23,12380.130000000001,10.36,3.14,11.0,1.0
PO-00348,Alpha_Inc,2023-11-05,,Office Supplies,Delivered,1684,73.05,62.53,,Yes,False,True,False,,105300.52,17715.679999999993,14.4,,10.0,
PO-00349,Epsilon_Group,2023-08-21,2023-08-27,Electronics,Delivered,312,63.52,58.09,,Yes,False,False,False,6.0,18124.08,1694.1599999999999,8.55,,11.0,1.0
PO-00350,Alpha_Inc,2023-08-02,2023-08-21,Packaging,Cancelled,1837,99.04,86.51,39.0,Yes,False,False,True,19.0,158918.87,23017.61,12.65,2.12,11.0,0.0
PO-00351,Beta_Supplies,2023-06-20,2023-06-23,MRO,Delivered,193,87.86,81.74,21.0,Yes,False,False,False,3.0,15775.82,1181.1600000000008,6.97,10.88,12.0,1.0
PO-00352,Beta_Supplies,2022-11-20,2022-11-21,Electronics,Delivered,395,24.83,23.96,31.0,Yes,False,False,False,1.0,9464.2,343.649999999999,3.5,7.85,11.0,1.0
PO-00353,Epsilon_Group,2022-09-25,2022-10-12,Electronics,Cancelled,673,39.58,35.83,25.0,Yes,False,False,True,17.0,24113.59,2523.75,9.47,3.71,11.0,0.0
PO-00354,Delta_Logistics,2022-07-29,2022-08-12,Office Supplies,Cancelled,1066,33.33,28.47,162.0,No,False,False,True,14.0,30349.02,5180.759999999999,14.58,15.2,10.0,0.0
PO-00355,Gamma_Co,2023-11-17,2023-11-23,Packaging,Delivered,1645,85.42,80.78,73.0,No,False,False,False,6.0,132883.1,7632.800000000001,5.43,4.44,11.0,1.0
PO-00356,Alpha_Inc,2022-11-18,2022-11-29,Electronics,Delivered,930,13.67,11.95,16.0,Yes,False,False,False,11.0,11113.5,1599.6000000000006,12.58,1.72,11.0,1.0
PO-00357,Alpha_Inc,2022-09-02,2022-09-21,Office Supplies,Delivered,51,63.74,56.1,0.0,Yes,False,False,False,19.0,2861.1,389.64000000000004,11.99,0.0,10.0,0.0
PO-00358,Gamma_Co,2022-09-29,2022-10-01,Packaging,Delivered,946,81.77,71.65,55.0,Yes,False,False,False,2.0,67780.90000000001,9573.519999999991,12.38,5.81,11.0,1.0
PO-00359,Epsilon_Group,2023-02-10,2023-03-02,Raw Materials,Partially Delivered,1377,94.69,84.2,,Yes,False,False,True,20.0,115943.40000000001,14444.729999999992,11.08,,10.0,0.0
PO-00360,Epsilon_Group,2022-05-15,2022-05-18,Packaging,Cancelled,303,41.6,40.51,11.0,Yes,False,False,True,3.0,12274.529999999999,330.270000000001,2.62,3.63,11.0,1.0
PO-00361,Alpha_Inc,2023-11-19,2023-12-03,Raw Materials,Delivered,1725,93.14,79.62,24.0,Yes,False,False,False,14.0,137344.5,23321.999999999993,14.52,1.39,10.0,0.0
PO-00362,Beta_Supplies,2023-10-23,2023-11-07,Raw Materials,Cancelled,502,22.05,20.65,50.0,No,False,False,True,15.0,10366.3,702.8000000000011,6.35,9.96,10.0,0.0
PO-00363,Gamma_Co,2022-11-04,2022-11-11,Packaging,Delivered,1110,90.49,80.03,61.0,Yes,False,False,False,7.0,88833.3,11610.599999999993,11.56,5.5,11.0,1.0
PO-00364,Alpha_Inc,2023-04-14,2023-04-18,Packaging,Delivered,1233,23.08,20.57,,Yes,False,False,False,4.0,25362.81,3094.8299999999977,10.88,,11.0,1.0
PO-00365,Beta_Supplies,2022-11-20,2022-11-24,Office Supplies,Delivered,1064,48.04,43.6,94.0,Yes,False,False,False,4.0,46390.4,4724.159999999998,9.24,8.83,10.0,1.0
PO-00366,Epsilon_Group,2022-03-16,2022-04-04,Packaging,Partially Delivered,58,82.57,76.55,,Yes,False,False,True,19.0,4439.9,349.15999999999974,7.29,,11.0,0.0
PO-00367,Beta_Supplies,2022-01-10,2022-01-20,MRO,Delivered,1306,23.49,20.17,116.0,No,False,False,False,10.0,26342.02,4335.9199999999955,14.13,8.88,12.0,1.0
PO-00368,Delta_Logistics,2023-04-15,2023-04-28,Electronics,Delivered,1172,32.93,29.28,,No,False,False,False,13.0,34316.16,4277.799999999998,11.08,,11.0,0.0
PO-00369,Alpha_Inc,2023-09-29,,Packaging,Delivered,1732,82.5,71.71,24.0,Yes,False,True,False,,124201.71999999999,18688.28000000001,13.08,1.39,11.0,
PO-00370,Gamma_Co,2023-07-31,2023-08-07,Raw Materials,Delivered,865,81.54,71.59,39.0,Yes,False,False,False,7.0,61925.350000000006,8606.750000000002,12.2,4.51,10.0,1.0
PO-00371,Beta_Supplies,2022-04-13,2022-04-20,Raw Materials,Delivered,257,68.72,66.92,22.0,Yes,False,False,False,7.0,17198.44,462.5999999999993,2.62,8.56,10.0,1.0
PO-00372,Epsilon_Group,2022-03-17,2022-03-26,Packaging,Delivered,1204,73.18,67.59,31.0,Yes,False,False,False,9.0,81378.36,6730.360000000004,7.64,2.57,11.0,1.0
PO-00373,Beta_Supplies,2023-07-05,2023-07-09,Electronics,Partially Delivered,453,64.14,60.18,51.0,Yes,False,False,True,4.0,27261.54,1793.8800000000003,6.17,11.26,11.0,1.0
PO-00374,Epsilon_Group,2022-08-07,2022-08-21,Electronics,Delivered,201,33.81,32.54,3.0,Yes,False,False,False,14.0,6540.54,255.27000000000064,3.76,1.49,11.0,0.0
PO-00375,Delta_Logistics,2023-06-03,2023-06-16,Office Supplies,Delivered,103,44.61,42.88,10.0,Yes,False,False,False,13.0,4416.64,178.18999999999969,3.88,9.71,10.0,0.0
PO-00376,Epsilon_Group,2022-09-29,2022-10-07,Office Supplies,Delivered,1193,27.4,27.09,,Yes,False,False,False,8.0,32318.37,369.82999999999845,1.13,,10.0,1.0
PO-00377,Gamma_Co,2022-05-16,2022-05-28,Office Supplies,Partially Delivered,1746,93.6,89.81,85.0,Yes,False,False,True,12.0,156808.26,6617.3399999999865,4.05,4.87,10.0,0.0
PO-00378,Delta_Logistics,2022-12-24,2022-12-26,Electronics,Delivered,1993,65.94,59.36,,Yes,False,False,False,2.0,118304.48,13113.939999999997,9.98,,11.0,1.0
PO-00379,Beta_Supplies,2022-03-12,2022-03-27,Raw Materials,Delivered,677,46.54,43.11,,No,False,False,False,15.0,29185.47,2322.1099999999997,7.37,,10.0,0.0
PO-00380,Alpha_Inc,2022-09-08,,Office Supplies,Pending,636,53.64,49.23,18.0,Yes,False,False,False,,31310.28,2804.7600000000025,8.22,2.83,10.0,
PO-00381,Epsilon_Group,2023-01-14,2023-02-02,Packaging,Delivered,1698,100.97,98.73,52.0,Yes,False,False,False,19.0,167643.54,3803.5199999999913,2.22,3.06,11.0,0.0
PO-00382,Gamma_Co,2022-10-19,2022-11-01,Office Supplies,Delivered,1493,24.87,22.89,56.0,Yes,False,False,False,13.0,34174.770000000004,2956.140000000001,7.96,3.75,10.0,0.0
PO-00383,Alpha_Inc,2022-06-11,2022-06-25,Packaging,Delivered,1495,64.33,58.18,26.0,Yes,False,False,False,14.0,86979.1,9194.249999999998,9.56,1.74,11.0,0.0
PO-00384,Alpha_Inc,2023-03-25,2023-04-07,Packaging,Cancelled,153,59.42,52.0,3.0,Yes,False,False,True,13.0,7956.0,1135.2600000000002,12.49,1.96,11.0,0.0
PO-00385,Delta_Logistics,2023-07-11,2023-07-22,Raw Materials,Cancelled,1925,70.88,63.41,292.0,Yes,False,False,True,11.0,122064.25,14379.749999999998,10.54,15.17,10.0,0.0
PO-00386,Beta_Supplies,2023-12-22,2024-01-11,Packaging,Delivered,303,12.97,11.42,,No,False,False,False,20.0,3460.2599999999998,469.6500000000002,11.95,,11.0,0.0
PO-00387,Alpha_Inc,2022-11-06,2022-11-18,Office Supplies,Delivered,1300,92.92,90.63,,Yes,False,False,False,12.0,117819.0,2977.000000000008,2.46,,10.0,0.0
PO-00388,Gamma_Co,2023-09-19,2023-09-23,Raw Materials,Delivered,1185,103.28,99.05,,Yes,False,False,False,4.0,117374.25,5012.550000000005,4.1,,10.0,1.0
PO-00389,Epsilon_Group,2023-11-01,2023-11-20,Raw Materials,Delivered,559,67.56,57.98,15.0,Yes,False,False,False,19.0,32410.82,5355.220000000003,14.18,2.68,10.0,0.0
PO-00390,Epsilon_Group,2023-06-26,2023-06-29,Electronics,Pending,1546,78.88,78.0,38.0,Yes,False,False,True,3.0,120588.0,1360.479999999993,1.12,2.46,11.0,1.0
PO-00391,Epsilon_Group,2022-01-09,2022-01-19,Packaging,Delivered,148,93.02,85.96,4.0,Yes,False,False,False,10.0,12722.08,1044.8800000000003,7.59,2.7,11.0,1.0
PO-00392,Delta_Logistics,2023-11-15,2023-11-23,Office Supplies,Delivered,202,81.75,78.26,37.0,No,False,False,False,8.0,15808.52,704.979999999999,4.27,18.32,10.0,1.0
PO-00393,Gamma_Co,2023-07-22,2023-07-28,Packaging,Delivered,1934,25.86,25.6,78.0,Yes,False,False,False,6.0,49510.4,502.83999999999617,1.01,4.03,11.0,1.0
PO-00394,Alpha_Inc,2022-11-03,2022-11-07,Office Supplies,Delivered,963,64.96,64.07,20.0,Yes,False,False,False,4.0,61699.409999999996,857.0700000000005,1.37,2.08,10.0,1.0
PO-00395,Gamma_Co,2023-11-11,2023-11-18,MRO,Delivered,1969,71.71,61.96,,Yes,False,False,False,7.0,121999.24,19197.749999999985,13.6,,12.0,1.0
PO-00396,Delta_Logistics,2022-04-17,,Electronics,Delivered,927,48.89,46.05,138.0,Yes,False,True,False,,42688.35,2632.680000000003,5.81,14.89,11.0,
PO-00397,Delta_Logistics,2022-05-18,2022-05-23,Raw Materials,Cancelled,387,77.81,69.04,67.0,Yes,False,False,True,5.0,26718.480000000003,3393.9899999999984,11.27,17.31,10.0,1.0
PO-00398,Beta_Supplies,2022-09-28,2022-10-03,Electronics,Delivered,1779,97.86,94.36,176.0,Yes,False,False,False,5.0,167866.44,6226.5,3.58,9.89,11.0,1.0
PO-00399,Gamma_Co,2022-04-29,2022-05-05,MRO,Pending,871,94.7,92.66,46.0,Yes,False,False,True,6.0,80706.86,1776.8400000000054,2.15,5.28,12.0,1.0
PO-00400,Epsilon_Group,2022-04-20,2022-04-23,Electronics,Delivered,1236,51.33,44.03,25.0,Yes,False,False,False,3.0,54421.08,9022.799999999996,14.22,2.02,11.0,1.0
PO-00401,Delta_Logistics,2023-07-21,2023-08-06,Electronics,Delivered,1793,22.01,21.78,285.0,Yes,False,False,False,16.0,39051.54,412.3900000000008,1.04,15.9,11.0,0.0
PO-00402,Delta_Logistics,2022-06-09,2022-06-28,MRO,Delivered,1006,101.1,89.04,139.0,Yes,False,False,False,19.0,89574.24,12132.359999999988,11.93,13.82,12.0,0.0
PO-00403,Beta_Supplies,2022-10-06,2022-10-21,Electronics,Cancelled,1754,89.35,86.54,161.0,No,False,False,True,15.0,151791.16,4928.739999999979,3.14,9.18,11.0,0.0
PO-00404,Epsilon_Group,2022-10-16,2022-11-04,Electronics,Delivered,210,22.17,21.32,10.0,Yes,False,False,False,19.0,4477.2,178.50000000000028,3.83,4.76,11.0,0.0
PO-00405,Delta_Logistics,2023-09-12,2023-10-02,MRO,Delivered,1653,102.16,91.91,217.0,Yes,False,False,False,20.0,151927.22999999998,16943.25,10.03,13.13,12.0,0.0
PO-00406,Alpha_Inc,2022-08-04,2022-08-15,MRO,Partially Delivered,850,91.38,88.41,24.0,Yes,False,False,True,11.0,75148.5,2524.499999999999,3.25,2.82,12.0,1.0
PO-00407,Epsilon_Group,2022-12-18,2022-12-21,Raw Materials,Delivered,447,59.81,57.92,13.0,Yes,False,False,False,3.0,25890.24,844.8300000000003,3.16,2.91,10.0,1.0
PO-00408,Gamma_Co,2022-07-28,2022-08-07,Office Supplies,Delivered,1350,65.11,56.95,71.0,Yes,False,False,False,10.0,76882.5,11015.999999999995,12.53,5.26,10.0,1.0
PO-00409,Beta_Supplies,2023-12-05,2023-12-24,Office Supplies,Delivered,865,51.19,47.76,83.0,Yes,False,False,False,19.0,41312.4,2966.95,6.7,9.6,10.0,0.0
PO-00410,Alpha_Inc,2023-10-12,2023-10-29,MRO,Delivered,1989,16.5,15.89,57.0,Yes,False,False,False,17.0,31605.210000000003,1213.2899999999988,3.7,2.87,12.0,0.0
PO-00411,Alpha_Inc,2022-09-28,2022-10-13,Office Supplies,Delivered,1577,41.77,39.58,32.0,Yes,False,False,False,15.0,62417.659999999996,3453.630000000008,5.24,2.03,10.0,0.0
PO-00412,Gamma_Co,2023-06-02,2023-06-04,Packaging,Pending,1969,89.25,87.28,108.0,No,False,False,True,2.0,171854.32,3878.9299999999976,2.21,5.49,11.0,1.0
PO-00413,Beta_Supplies,2023-05-16,2023-05-26,Packaging,Partially Delivered,1465,11.25,9.61,151.0,Yes,False,False,True,10.0,14078.65,2402.600000000001,14.58,10.31,11.0,1.0
PO-00414,Delta_Logistics,2022-09-15,2022-09-18,Packaging,Pending,1208,41.62,39.46,,Yes,False,False,True,3.0,47667.68,2609.279999999996,5.19,,11.0,1.0
PO-00415,Beta_Supplies,2022-02-22,2022-03-11,Raw Materials,Delivered,1268,46.06,45.26,123.0,Yes,False,False,False,17.0,57389.68,1014.4000000000054,1.74,9.7,10.0,0.0
PO-00416,Delta_Logistics,2022-04-05,2022-04-24,Office Supplies,Delivered,450,59.24,55.03,68.0,No,False,False,False,19.0,24763.5,1894.5000000000005,7.11,15.11,10.0,0.0
PO-00417,Gamma_Co,2023-10-12,2023-10-14,Electronics,Partially Delivered,689,102.53,95.23,38.0,Yes,False,False,True,2.0,65613.47,5029.699999999998,7.12,5.52,11.0,1.0
PO-00418,Gamma_Co,2023-03-10,2023-03-29,MRO,Delivered,1106,44.05,38.6,51.0,Yes,False,False,False,19.0,42691.6,6027.699999999995,12.37,4.61,12.0,0.0
PO-00419,Alpha_Inc,2022-10-11,2022-10-22,Office Supplies,Delivered,737,43.08,42.58,21.0,Yes,False,False,False,11.0,31381.46,368.5,1.16,2.85,10.0,0.0
PO-00420,Alpha_Inc,2022-02-15,2022-03-04,Raw Materials,Delivered,509,76.76,74.72,7.0,No,False,False,False,17.0,38032.479999999996,1038.360000000003,2.66,1.38,10.0,0.0
PO-00421,Alpha_Inc,2022-01-04,2022-01-06,Electronics,Delivered,1004,50.7,46.59,27.0,Yes,False,False,False,2.0,46776.36,4126.44,8.11,2.69,11.0,1.0
PO-00422,Gamma_Co,2022-12-08,2022-12-19,MRO,Pending,1956,31.88,28.48,86.0,Yes,False,False,True,11.0,55706.88,6650.399999999997,10.66,4.4,12.0,1.0
PO-00423,Delta_Logistics,2022-05-14,,Electronics,Delivered,519,51.73,47.52,81.0,No,False,True,False,,24662.88,2184.9899999999966,8.14,15.61,11.0,
PO-00424,Gamma_Co,2023-10-15,2023-10-21,MRO,Partially Delivered,1448,25.06,21.62,84.0,Yes,False,False,True,6.0,31305.760000000002,4981.119999999997,13.73,5.8,12.0,1.0
PO-00425,Gamma_Co,2022-09-26,2022-10-11,Packaging,Delivered,1095,26.91,23.75,53.0,Yes,False,False,False,15.0,26006.25,3460.2000000000003,11.74,4.84,11.0,0.0
PO-00426,Alpha_Inc,2022-06-15,,MRO,Delivered,799,56.22,49.51,18.0,Yes,False,True,False,,39558.49,5361.290000000001,11.94,2.25,12.0,
PO-00427,Beta_Supplies,2023-03-29,2023-04-18,MRO,Partially Delivered,1743,51.04,47.15,160.0,Yes,False,False,True,20.0,82182.45,6780.270000000001,7.62,9.18,12.0,0.0
PO-00428,Alpha_Inc,2023-07-19,2023-07-31,Raw Materials,Delivered,87,100.65,85.56,1.0,Yes,False,False,False,12.0,7443.72,1312.8300000000004,14.99,1.15,10.0,0.0
PO-00429,Beta_Supplies,2023-12-24,,Raw Materials,Delivered,279,47.52,46.5,28.0,No,False,True,False,,12973.5,284.5800000000009,2.15,10.04,10.0,
PO-00430,Delta_Logistics,2023-03-14,2023-03-25,Raw Materials,Delivered,1438,66.61,58.5,237.0,Yes,False,False,False,11.0,84123.0,11662.179999999998,12.18,16.48,10.0,0.0
PO-00431,Delta_Logistics,2023-07-29,2023-07-31,Office Supplies,Partially Delivered,612,72.93,63.32,99.0,Yes,False,False,True,2.0,38751.840000000004,5881.320000000004,13.18,16.18,10.0,1.0
PO-00432,Epsilon_Group,2022-01-10,2022-01-21,Packaging,Pending,487,11.18,10.63,15.0,Yes,False,False,True,11.0,5176.81,267.84999999999945,4.92,3.08,11.0,1.0
PO-00433,Epsilon_Group,2022-04-25,2022-04-29,Packaging,Partially Delivered,1849,70.76,69.25,51.0,Yes,False,False,True,4.0,128043.25,2791.9900000000093,2.13,2.76,11.0,1.0
PO-00434,Epsilon_Group,2022-03-19,2022-04-01,MRO,Partially Delivered,1356,26.28,25.44,47.0,Yes,False,False,True,13.0,34496.64,1139.0399999999997,3.2,3.47,12.0,0.0
PO-00435,Delta_Logistics,2023-12-09,2023-12-29,Raw Materials,Delivered,76,107.59,96.33,10.0,Yes,False,False,False,20.0,7321.08,855.7600000000004,10.47,13.16,10.0,0.0
PO-00436,Alpha_Inc,2022-06-02,2022-06-13,Packaging,Partially Delivered,275,23.96,20.44,,Yes,False,False,True,11.0,5621.0,967.9999999999999,14.69,,11.0,1.0
PO-00437,Alpha_Inc,2023-07-13,2023-07-18,Packaging,Delivered,1350,51.57,48.07,,Yes,False,False,False,5.0,64894.5,4725.0,6.79,,11.0,1.0
PO-00438,Alpha_Inc,2022-02-06,,MRO,Delivered,847,17.77,17.39,,Yes,False,True,False,,14729.33,321.85999999999916,2.14,,12.0,
PO-00439,Gamma_Co,2023-01-14,2023-01-27,MRO,Delivered,1682,105.7,101.3,94.0,Yes,False,False,False,13.0,170386.6,7400.800000000009,4.16,5.59,12.0,0.0
PO-00440,Epsilon_Group,2023-08-20,2023-08-23,Electronics,Delivered,333,60.44,58.54,8.0,Yes,False,False,False,3.0,19493.82,632.6999999999995,3.14,2.4,11.0,1.0
PO-00441,Alpha_Inc,2023-07-20,2023-08-02,Electronics,Cancelled,928,69.31,67.26,20.0,Yes,False,False,True,13.0,62417.280000000006,1902.3999999999974,2.96,2.16,11.0,0.0
PO-00442,Epsilon_Group,2022-06-01,2022-06-12,MRO,Partially Delivered,1009,16.44,16.18,,Yes,False,False,True,11.0,16325.619999999999,262.34000000000157,1.58,,12.0,1.0
PO-00443,Epsilon_Group,2023-03-17,2023-04-03,Electronics,Pending,1554,82.92,74.82,44.0,Yes,False,False,True,17.0,116270.27999999998,12587.400000000012,9.77,2.83,11.0,0.0
PO-00444,Gamma_Co,2022-05-11,2022-05-25,Packaging,Partially Delivered,502,29.47,28.94,27.0,Yes,False,False,True,14.0,14527.880000000001,266.0599999999988,1.8,5.38,11.0,0.0
PO-00445,Delta_Logistics,2022-02-12,2022-02-13,MRO,Delivered,1069,91.28,82.64,,Yes,False,False,False,1.0,88342.16,9236.16,9.47,,12.0,1.0
PO-00446,Alpha_Inc,2022-11-12,2022-11-18,MRO,Pending,1902,29.89,25.83,41.0,Yes,False,False,True,6.0,49128.659999999996,7722.120000000004,13.58,2.16,12.0,1.0
PO-00447,Gamma_Co,2023-01-09,,Raw Materials,Pending,865,28.79,25.69,47.0,Yes,False,False,False,,22221.850000000002,2681.499999999998,10.77,5.43,10.0,
PO-00448,Delta_Logistics,2022-02-10,2022-02-26,Packaging,Partially Delivered,708,13.36,11.61,,No,False,False,True,16.0,8219.88,1239.0,13.1,,11.0,0.0
PO-00449,Delta_Logistics,2023-01-02,2023-01-07,Packaging,Delivered,1589,55.64,48.52,,Yes,False,False,False,5.0,77098.28,11313.679999999997,12.8,,11.0,1.0
PO-00450,Alpha_Inc,2022-08-04,2022-08-14,Office Supplies,Delivered,596,62.96,61.88,9.0,Yes,False,False,False,10.0,36880.48,643.6799999999989,1.72,1.51,10.0,1.0
PO-00451,Epsilon_Group,2023-11-30,2023-12-04,Office Supplies,Delivered,1265,17.66,16.97,34.0,Yes,False,False,False,4.0,21467.05,872.8500000000016,3.91,2.69,10.0,1.0
PO-00452,Beta_Supplies,2022-09-13,2022-10-01,Raw Materials,Delivered,1122,82.99,81.7,118.0,No,False,False,False,18.0,91667.40000000001,1447.379999999991,1.55,10.52,10.0,0.0
PO-00453,Epsilon_Group,2023-11-14,2023-12-01,Office Supplies,Delivered,1585,56.38,53.05,,Yes,False,False,False,17.0,84084.25,5278.050000000008,5.91,,10.0,0.0
PO-00454,Epsilon_Group,2022-04-16,2022-04-27,Electronics,Delivered,66,58.05,50.76,,Yes,False,False,False,11.0,3350.16,481.13999999999993,12.56,,11.0,1.0
PO-00455,Beta_Supplies,2022-12-29,2023-01-18,MRO,Delivered,1245,52.4,51.65,118.0,No,False,False,False,20.0,64304.25,933.75,1.43,9.48,12.0,0.0
PO-00456,Delta_Logistics,2023-07-28,2023-08-10,Electronics,Delivered,1293,50.21,47.55,,No,False,False,False,13.0,61482.149999999994,3439.3800000000047,5.3,,11.0,0.0
PO-00457,Beta_Supplies,2023-02-21,2023-02-27,Packaging,Delivered,207,64.29,63.01,25.0,Yes,False,False,False,6.0,13043.07,264.9600000000017,1.99,12.08,11.0,1.0
PO-00458,Beta_Supplies,2023-09-28,2023-10-18,Office Supplies,Delivered,526,26.37,25.32,47.0,Yes,False,False,False,20.0,13318.32,552.3000000000004,3.98,8.94,10.0,0.0
PO-00459,Gamma_Co,2022-06-08,2022-06-14,Electronics,Delivered,1119,27.03,23.82,,Yes,False,False,False,6.0,26654.58,3591.990000000001,11.88,,11.0,1.0
PO-00460,Gamma_Co,2022-08-31,2022-09-02,Packaging,Delivered,1446,90.63,84.51,77.0,Yes,False,False,False,2.0,122201.46,8849.519999999986,6.75,5.33,11.0,1.0
PO-00461,Gamma_Co,2022-06-16,2022-06-24,Office Supplies,Delivered,567,97.53,85.29,21.0,Yes,False,False,False,8.0,48359.43,6940.079999999997,12.55,3.7,10.0,1.0
PO-00462,Delta_Logistics,2022-07-01,,MRO,Delivered,148,44.91,40.1,,No,False,True,False,,5934.8,711.8799999999993,10.71,,12.0,
PO-00463,Beta_Supplies,2023-02-27,2023-03-14,MRO,Pending,1965,36.6,34.64,195.0,Yes,False,False,True,15.0,68067.6,3851.4000000000015,5.36,9.92,12.0,0.0
PO-00464,Alpha_Inc,2022-01-26,2022-02-03,Office Supplies,Pending,1818,67.96,58.98,,Yes,False,False,True,8.0,107225.64,16325.639999999994,13.21,,10.0,1.0
PO-00465,Beta_Supplies,2022-07-03,2022-07-19,MRO,Delivered,1110,48.19,45.88,112.0,Yes,False,False,False,16.0,50926.8,2564.0999999999945,4.79,10.09,12.0,0.0
PO-00466,Delta_Logistics,2022-12-07,,Raw Materials,Delivered,329,12.96,12.74,48.0,Yes,False,True,False,,4191.46,72.38000000000021,1.7,14.59,10.0,
PO-00467,Gamma_Co,2023-02-26,2023-03-17,Office Supplies,Cancelled,1422,25.62,25.18,65.0,Yes,False,False,True,19.0,35805.96,625.6800000000018,1.72,4.57,10.0,0.0
PO-00468,Delta_Logistics,2023-11-17,,Raw Materials,Delivered,546,82.63,74.77,76.0,No,False,True,False,,40824.42,4291.5599999999995,9.51,13.92,10.0,
PO-00469,Gamma_Co,2022-09-12,2022-09-22,Office Supplies,Partially Delivered,351,72.08,71.3,20.0,Yes,False,False,True,10.0,25026.3,273.7800000000004,1.08,5.7,10.0,1.0
PO-00470,Delta_Logistics,2022-10-01,2022-10-18,Raw Materials,Partially Delivered,230,13.0,12.81,,No,False,False,True,17.0,2946.3,43.69999999999989,1.46,,10.0,0.0
PO-00471,Alpha_Inc,2022-06-13,2022-06-19,MRO,Delivered,656,30.73,26.26,17.0,Yes,False,False,False,6.0,17226.56,2932.3199999999993,14.55,2.59,12.0,1.0
PO-00472,Gamma_Co,2023-12-20,2024-01-09,MRO,Delivered,1172,34.34,32.09,69.0,Yes,False,False,False,20.0,37609.48,2637.0,6.55,5.89,12.0,0.0
PO-00473,Gamma_Co,2022-04-21,2022-04-30,Electronics,Delivered,749,71.53,70.02,41.0,Yes,False,False,False,9.0,52444.979999999996,1130.9900000000039,2.11,5.47,11.0,1.0
PO-00474,Beta_Supplies,2023-01-27,2023-02-12,Packaging,Delivered,1042,12.48,12.3,88.0,Yes,False,False,False,16.0,12816.6,187.55999999999972,1.44,8.45,11.0,0.0
PO-00475,Delta_Logistics,2022-02-09,2022-02-27,Raw Materials,Delivered,1189,19.47,17.15,,No,False,False,False,18.0,20391.35,2758.4800000000005,11.92,,10.0,0.0
PO-00476,Epsilon_Group,2023-04-27,,Office Supplies,Delivered,240,88.14,81.9,4.0,Yes,False,True,False,,19656.0,1497.5999999999988,7.08,1.67,10.0,
PO-00477,Epsilon_Group,2022-08-16,2022-09-02,MRO,Delivered,302,26.98,26.47,9.0,Yes,False,False,False,17.0,7993.94,154.02000000000046,1.89,2.98,12.0,0.0
PO-00478,Beta_Supplies,2022-07-24,2022-08-03,MRO,Pending,1030,70.81,61.58,,No,False,False,True,10.0,63427.4,9506.900000000003,13.03,,12.0,1.0
PO-00479,Delta_Logistics,2023-04-17,2023-04-23,Office Supplies,Delivered,977,33.79,32.25,137.0,Yes,False,False,False,6.0,31508.25,1504.5799999999992,4.56,14.02,10.0,1.0
PO-00480,Alpha_Inc,2022-12-25,2023-01-11,Packaging,Delivered,1234,19.99,17.66,25.0,Yes,False,False,False,17.0,21792.44,2875.219999999998,11.66,2.03,11.0,0.0
PO-00481,Beta_Supplies,2022-11-09,2022-11-23,Office Supplies,Delivered,1329,33.48,33.06,146.0,Yes,False,False,False,14.0,43936.740000000005,558.1799999999928,1.25,10.99,10.0,0.0
PO-00482,Gamma_Co,2022-08-22,2022-08-30,Raw Materials,Delivered,1396,77.63,67.81,58.0,Yes,False,False,False,8.0,94662.76000000001,13708.71999999999,12.65,4.15,10.0,1.0
PO-00483,Alpha_Inc,2022-08-17,2022-08-29,Raw Materials,Delivered,177,90.06,87.71,7.0,Yes,False,False,False,12.0,15524.669999999998,415.9500000000015,2.61,3.95,10.0,0.0
PO-00484,Delta_Logistics,2022-01-25,,Electronics,Delivered,67,84.72,73.06,9.0,Yes,False,True,False,,4895.02,781.2199999999998,13.76,13.43,11.0,
PO-00485,Gamma_Co,2023-11-07,2023-11-20,Office Supplies,Delivered,1866,50.78,48.2,96.0,Yes,False,False,False,13.0,89941.20000000001,4814.279999999997,5.08,5.14,10.0,0.0
PO-00486,Epsilon_Group,2022-07-17,2022-07-25,MRO,Delivered,1808,72.23,67.86,53.0,Yes,False,False,False,8.0,122690.88,7900.960000000008,6.05,2.93,12.0,1.0
PO-00487,Delta_Logistics,2023-02-13,2023-02-16,Electronics,Cancelled,615,30.3,29.52,96.0,Yes,False,False,True,3.0,18154.8,479.7000000000007,2.57,15.61,11.0,1.0
PO-00488,Gamma_Co,2022-12-03,2022-12-04,Office Supplies,Pending,619,38.38,35.02,34.0,Yes,False,False,True,1.0,21677.38,2079.8399999999997,8.75,5.49,10.0,1.0
PO-00489,Delta_Logistics,2022-10-13,2022-10-17,Office Supplies,Delivered,1396,94.75,84.06,210.0,Yes,False,False,False,4.0,117347.76000000001,14923.239999999996,11.28,15.04,10.0,1.0
PO-00490,Gamma_Co,2022-03-13,2022-03-24,MRO,Delivered,1945,11.28,9.98,94.0,Yes,False,False,False,11.0,19411.100000000002,2528.4999999999977,11.52,4.83,12.0,1.0
PO-00491,Delta_Logistics,2022-10-13,2022-10-18,Packaging,Delivered,735,18.49,15.89,113.0,No,False,False,False,5.0,11679.15,1910.9999999999984,14.06,15.37,11.0,1.0
PO-00492,Epsilon_Group,2022-12-26,2023-01-11,Office Supplies,Pending,1865,30.29,26.83,56.0,Yes,False,False,True,16.0,50037.95,6452.9000000000015,11.42,3.0,10.0,0.0
PO-00493,Beta_Supplies,2023-10-19,2023-10-24,Electronics,Cancelled,675,13.69,11.84,52.0,Yes,False,False,True,5.0,7992.0,1248.7499999999998,13.51,7.7,11.0,1.0
PO-00494,Gamma_Co,2023-06-06,2023-06-22,MRO,Pending,1361,28.57,24.29,65.0,Yes,False,False,True,16.0,33058.69,5825.080000000002,14.98,4.78,12.0,0.0
PO-00495,Gamma_Co,2023-02-14,2023-02-15,Raw Materials,Delivered,903,66.53,60.15,29.0,Yes,False,False,False,1.0,54315.45,5761.140000000002,9.59,3.21,10.0,1.0
PO-00496,Epsilon_Group,2023-11-27,,Packaging,Cancelled,1736,53.2,50.68,48.0,Yes,False,False,False,,87980.48,4374.720000000006,4.74,2.76,11.0,
PO-00497,Beta_Supplies,2023-07-04,2023-07-11,MRO,Delivered,1011,98.47,97.06,91.0,Yes,False,False,False,7.0,98127.66,1425.5099999999966,1.43,9.0,12.0,1.0
PO-00498,Delta_Logistics,2022-12-06,2022-12-24,Electronics,Delivered,1712,88.17,85.86,246.0,Yes,False,False,False,18.0,146992.32,3954.720000000004,2.62,14.37,11.0,0.0
PO-00499,Gamma_Co,2022-01-29,,Office Supplies,Delivered,204,40.76,37.46,10.0,Yes,False,True,False,,7641.84,673.1999999999994,8.1,4.9,10.0,
PO-00500,Beta_Supplies,2022-04-29,2022-05-13,Electronics,Partially Delivered,539,33.85,30.57,34.0,No,False,False,True,14.0,16477.23,1767.9200000000005,9.69,6.31,11.0,0.0
PO-00501,Delta_Logistics,2022-09-25,2022-10-05,Office Supplies,Delivered,1459,45.94,42.56,212.0,No,False,False,False,10.0,62095.04,4931.419999999994,7.36,14.53,10.0,1.0
PO-00502,Gamma_Co,2022-07-02,2022-07-06,MRO,Delivered,834,65.02,56.19,,Yes,False,False,False,4.0,46862.46,7364.219999999998,13.58,,12.0,1.0
PO-00503,Gamma_Co,2023-08-18,2023-09-01,Packaging,Partially Delivered,1177,37.37,34.27,60.0,Yes,False,False,True,14.0,40335.79,3648.6999999999935,8.3,5.1,11.0,0.0
PO-00504,Delta_Logistics,2022-09-29,2022-10-19,MRO,Delivered,1466,68.82,66.82,211.0,Yes,False,False,False,20.0,97958.12,2932.0,2.91,14.39,12.0,0.0
PO-00505,Epsilon_Group,2022-02-09,2022-02-13,Electronics,Delivered,1884,47.08,44.31,54.0,Yes,False,False,False,4.0,83480.04000000001,5218.679999999992,5.88,2.87,11.0,1.0
PO-00506,Beta_Supplies,2022-04-22,2022-05-08,Electronics,Delivered,295,60.58,57.32,31.0,Yes,False,False,False,16.0,16909.4,961.6999999999994,5.38,10.51,11.0,0.0
PO-00507,Gamma_Co,2023-09-03,2023-09-04,Raw Materials,Delivered,1249,54.18,47.29,59.0,Yes,False,False,False,1.0,59065.21,8605.61,12.72,4.72,10.0,1.0
PO-00508,Delta_Logistics,2023-03-21,2023-04-09,Raw Materials,Delivered,1112,39.06,33.6,184.0,No,False,False,False,19.0,37363.200000000004,6071.520000000001,13.98,16.55,10.0,0.0
PO-00509,Gamma_Co,2022-12-20,2022-12-25,Office Supplies,Delivered,1550,100.61,97.43,66.0,Yes,False,False,False,5.0,151016.5,4928.999999999988,3.16,4.26,10.0,1.0
PO-00510,Delta_Logistics,2022-11-18,2022-11-19,Electronics,Delivered,1755,82.66,73.67,258.0,No,False,False,False,1.0,129290.85,15777.449999999992,10.88,14.7,11.0,1.0
PO-00511,Gamma_Co,2023-03-23,2023-03-31,Raw Materials,Delivered,808,24.19,21.64,39.0,Yes,False,False,False,8.0,17485.12,2060.4000000000005,10.54,4.83,10.0,1.0
PO-00512,Alpha_Inc,2023-09-13,2023-09-19,Raw Materials,Partially Delivered,587,96.98,95.35,14.0,Yes,False,False,True,6.0,55970.45,956.8100000000056,1.68,2.39,10.0,1.0
PO-00513,Epsilon_Group,2023-06-08,2023-06-11,MRO,Delivered,1940,58.45,50.29,54.0,Yes,False,False,False,3.0,97562.59999999999,15830.400000000007,13.96,2.78,12.0,1.0
PO-00514,Beta_Supplies,2022-04-29,2022-05-11,Office Supplies,Cancelled,1891,91.87,80.28,158.0,Yes,False,False,True,12.0,151809.48,21916.690000000006,12.62,8.36,10.0,0.0
PO-00515,Epsilon_Group,2023-01-30,2023-02-16,Packaging,Delivered,970,86.91,78.44,18.0,Yes,False,False,False,17.0,76086.8,8215.9,9.75,1.86,11.0,0.0
PO-00516,Epsilon_Group,2023-08-14,2023-08-31,MRO,Delivered,457,52.85,50.34,16.0,Yes,False,False,False,17.0,23005.38,1147.069999999999,4.75,3.5,12.0,0.0
PO-00517,Beta_Supplies,2022-07-14,2022-07-27,Office Supplies,Cancelled,574,12.38,11.47,,No,False,False,True,13.0,6583.780000000001,522.34,7.35,,10.0,0.0
PO-00518,Epsilon_Group,2022-09-18,2022-09-20,Office Supplies,Delivered,877,35.55,34.69,24.0,Yes,False,False,False,2.0,30423.129999999997,754.2199999999995,2.42,2.74,10.0,1.0
PO-00519,Alpha_Inc,2022-02-15,2022-02-27,MRO,Delivered,1579,59.04,50.95,29.0,Yes,False,False,False,12.0,80450.05,12774.109999999993,13.7,1.84,12.0,1.0
PO-00520,Delta_Logistics,2023-12-27,2023-12-28,Raw Materials,Delivered,952,74.72,69.73,,Yes,False,False,False,1.0,66382.96,4750.479999999995,6.68,,10.0,1.0
PO-00521,Beta_Supplies,2023-03-23,2023-03-26,Raw Materials,Pending,1898,35.53,33.25,187.0,Yes,False,False,True,3.0,63108.5,4327.440000000002,6.42,9.85,10.0,1.0
PO-00522,Delta_Logistics,2022-01-02,2022-01-06,Packaging,Delivered,85,22.54,20.68,6.0,Yes,False,False,False,4.0,1757.8,158.09999999999997,8.25,7.06,11.0,1.0
PO-00523,Gamma_Co,2023-06-17,2023-06-28,Packaging,Pending,734,92.38,78.92,34.0,No,False,False,True,11.0,57927.28,9879.639999999996,14.57,4.63,11.0,1.0
PO-00524,Alpha_Inc,2023-07-06,2023-07-18,Office Supplies,Delivered,69,107.47,105.53,,Yes,False,False,False,12.0,7281.57,133.85999999999984,1.81,,10.0,0.0
PO-00525,Delta_Logistics,2023-12-05,2023-12-11,Packaging,Delivered,370,63.9,55.79,59.0,Yes,False,False,False,6.0,20642.3,3000.7,12.69,15.95,11.0,1.0
PO-00526,Delta_Logistics,2023-11-18,2023-12-03,MRO,Delivered,1849,28.25,27.53,271.0,Yes,False,False,False,15.0,50902.97,1331.279999999998,2.55,14.66,12.0,0.0
PO-00527,Beta_Supplies,2022-07-21,,Packaging,Delivered,561,35.54,30.99,68.0,No,False,True,False,,17385.39,2552.55,12.8,12.12,11.0,
PO-00528,Gamma_Co,2023-01-08,2023-01-14,Electronics,Delivered,449,12.35,10.67,29.0,Yes,False,False,False,6.0,4790.83,754.3199999999998,13.6,6.46,11.0,1.0
PO-00529,Beta_Supplies,2023-03-18,2023-03-21,Office Supplies,Delivered,703,98.75,86.78,59.0,Yes,False,False,False,3.0,61006.340000000004,8414.91,12.12,8.39,10.0,1.0
PO-00530,Gamma_Co,2022-03-13,2022-03-28,Electronics,Delivered,1021,20.8,18.23,37.0,Yes,False,False,False,15.0,18612.83,2623.9700000000003,12.36,3.62,11.0,0.0
PO-00531,Beta_Supplies,2023-11-12,2023-11-19,Office Supplies,Delivered,1956,68.69,65.09,,Yes,False,False,False,7.0,127316.04000000001,7041.5999999999885,5.24,,10.0,1.0
PO-00532,Delta_Logistics,2022-12-05,2022-12-12,Office Supplies,Partially Delivered,520,36.57,34.78,67.0,No,False,False,True,7.0,18085.600000000002,930.7999999999995,4.89,12.88,10.0,1.0
PO-00533,Delta_Logistics,2023-10-01,2023-10-12,MRO,Delivered,1216,66.16,63.0,179.0,No,False,False,False,11.0,76608.0,3842.559999999996,4.78,14.72,12.0,1.0
PO-00534,Alpha_Inc,2022-11-18,,Raw Materials,Delivered,1165,72.06,63.93,,Yes,False,True,False,,74478.45,9471.450000000003,11.28,,10.0,
PO-00535,Delta_Logistics,2023-11-11,2023-11-29,Packaging,Pending,1427,93.99,83.6,213.0,Yes,False,False,True,18.0,119297.2,14826.53,11.05,14.93,11.0,0.0
PO-00536,Epsilon_Group,2022-05-08,2022-05-10,Electronics,Delivered,883,29.15,25.75,14.0,Yes,False,False,False,2.0,22737.25,3002.199999999999,11.66,1.59,11.0,1.0
PO-00537,Delta_Logistics,2022-11-04,2022-11-11,Packaging,Partially Delivered,1873,11.54,9.89,284.0,No,False,False,True,7.0,18523.97,3090.4499999999975,14.3,15.16,11.0,1.0
PO-00538,Epsilon_Group,2023-06-04,2023-06-06,Office Supplies,Delivered,776,24.22,22.53,27.0,Yes,False,False,False,2.0,17483.280000000002,1311.4399999999982,6.98,3.48,10.0,1.0
PO-00539,Delta_Logistics,2022-11-13,2022-11-24,Electronics,Delivered,903,95.55,92.45,149.0,No,False,False,False,11.0,83482.35,2799.2999999999947,3.24,16.5,11.0,1.0
PO-00540,Epsilon_Group,2023-11-14,2023-11-26,Electronics,Delivered,100,98.4,85.76,3.0,Yes,False,False,False,12.0,8576.0,1264.0,12.85,3.0,11.0,0.0
PO-00541,Epsilon_Group,2023-02-23,2023-03-08,Office Supplies,Delivered,1738,67.91,61.15,,Yes,False,False,False,13.0,106278.7,11748.879999999997,9.95,,10.0,0.0
PO-00542,Delta_Logistics,2022-12-01,2022-12-14,Packaging,Delivered,1771,67.57,61.48,280.0,No,False,False,False,13.0,108881.07999999999,10785.389999999994,9.01,15.81,11.0,0.0
PO-00543,Epsilon_Group,2023-02-17,2023-02-23,Electronics,Delivered,624,74.39,66.3,18.0,No,False,False,False,6.0,41371.2,5048.160000000002,10.88,2.88,11.0,1.0
PO-00544,Alpha_Inc,2023-12-15,2023-12-31,Packaging,Partially Delivered,1263,28.75,27.1,26.0,Yes,False,False,True,16.0,34227.3,2083.949999999998,5.74,2.06,11.0,0.0
PO-00545,Gamma_Co,2022-10-30,2022-11-16,Electronics,Cancelled,1198,96.45,90.09,,Yes,False,False,True,17.0,107927.82,7619.28,6.59,,11.0,0.0
PO-00546,Epsilon_Group,2023-07-22,2023-07-25,Raw Materials,Delivered,199,51.98,45.64,,No,False,False,False,3.0,9082.36,1261.6599999999992,12.2,,10.0,1.0
PO-00547,Epsilon_Group,2022-05-11,2022-05-14,MRO,Pending,363,45.37,38.73,,Yes,False,False,True,3.0,14058.989999999998,2410.32,14.64,,12.0,1.0
PO-00548,Alpha_Inc,2022-07-16,2022-07-22,Office Supplies,Delivered,619,58.4,51.04,,Yes,False,False,False,6.0,31593.76,4555.839999999999,12.6,,10.0,1.0
PO-00549,Alpha_Inc,2023-03-07,2023-03-18,MRO,Delivered,1415,15.22,13.56,30.0,Yes,False,False,False,11.0,19187.4,2348.9,10.91,2.12,12.0,1.0
PO-00550,Beta_Supplies,2023-11-12,2023-11-23,Packaging,Delivered,354,27.71,23.87,39.0,No,False,False,False,11.0,8449.98,1359.36,13.86,11.02,11.0,1.0
PO-00551,Gamma_Co,2023-01-24,2023-02-03,MRO,Delivered,1765,81.01,78.43,78.0,Yes,False,False,False,10.0,138428.95,4553.699999999997,3.18,4.42,12.0,1.0
PO-00552,Beta_Supplies,2023-11-25,2023-12-09,MRO,Delivered,731,19.37,17.3,69.0,No,False,False,False,14.0,12646.300000000001,1513.1700000000003,10.69,9.44,12.0,0.0
PO-00553,Epsilon_Group,2022-06-28,2022-07-13,MRO,Delivered,887,65.89,59.67,29.0,Yes,False,False,False,15.0,52927.29,5517.139999999999,9.44,3.27,12.0,0.0
PO-00554,Alpha_Inc,2023-09-23,2023-09-25,MRO,Delivered,1856,35.29,32.41,26.0,Yes,False,False,False,2.0,60152.95999999999,5345.280000000004,8.16,1.4,12.0,1.0
PO-00555,Epsilon_Group,2023-08-06,2023-08-18,Office Supplies,Delivered,1127,49.32,46.49,30.0,Yes,False,False,False,12.0,52394.23,3189.409999999998,5.74,2.66,10.0,0.0
PO-00556,Delta_Logistics,2022-11-05,2022-11-19,Raw Materials,Delivered,1052,37.78,32.6,162.0,Yes,False,False,False,14.0,34295.200000000004,5449.36,13.71,15.4,10.0,0.0
PO-00557,Gamma_Co,2023-02-20,2023-02-22,Raw Materials,Delivered,493,44.74,41.44,24.0,No,False,False,False,2.0,20429.92,1626.9000000000021,7.38,4.87,10.0,1.0
PO-00558,Delta_Logistics,2023-07-16,2023-07-29,MRO,Partially Delivered,662,81.44,71.33,87.0,Yes,False,False,True,13.0,47220.46,6692.82,12.41,13.14,12.0,0.0
PO-00559,Alpha_Inc,2022-01-01,2022-01-07,Raw Materials,Delivered,1042,36.74,35.78,33.0,Yes,False,False,False,6.0,37282.76,1000.3200000000008,2.61,3.17,10.0,1.0
PO-00560,Alpha_Inc,2022-11-08,,Raw Materials,Delivered,313,64.03,57.74,1.0,Yes,False,True,False,,18072.62,1968.7699999999998,9.82,0.32,10.0,
PO-00561,Alpha_Inc,2022-10-21,2022-11-10,Office Supplies,Delivered,1126,55.22,50.38,,Yes,False,False,False,20.0,56727.880000000005,5449.839999999996,8.76,,10.0,0.0
PO-00562,Gamma_Co,2022-08-04,2022-08-19,MRO,Delivered,1645,72.17,64.0,79.0,Yes,False,False,False,15.0,105280.0,13439.650000000003,11.32,4.8,12.0,0.0
PO-00563,Beta_Supplies,2023-03-17,2023-03-20,Packaging,Delivered,1053,100.92,92.35,104.0,Yes,False,False,False,3.0,97244.54999999999,9024.210000000008,8.49,9.88,11.0,1.0
PO-00564,Epsilon_Group,2023-08-17,2023-08-29,MRO,Delivered,1693,83.14,73.3,62.0,Yes,False,False,False,12.0,124096.9,16659.120000000006,11.84,3.66,12.0,1.0
PO-00565,Epsilon_Group,2023-09-14,2023-10-03,Raw Materials,Pending,54,32.28,28.65,3.0,Yes,False,False,True,19.0,1547.1,196.02000000000015,11.25,5.56,10.0,0.0
PO-00566,Epsilon_Group,2023-11-02,2023-11-07,Packaging,Delivered,1176,14.22,12.21,33.0,Yes,False,False,False,5.0,14358.960000000001,2363.7599999999998,14.14,2.81,11.0,1.0
PO-00567,Epsilon_Group,2022-11-26,2022-12-08,Raw Materials,Delivered,1269,35.28,33.7,35.0,Yes,False,False,False,12.0,42765.3,2005.019999999998,4.48,2.76,10.0,0.0
PO-00568,Epsilon_Group,2023-04-22,2023-04-25,Raw Materials,Delivered,823,68.32,64.46,19.0,Yes,False,False,False,3.0,53050.579999999994,3176.7799999999997,5.65,2.31,10.0,1.0
PO-00569,Beta_Supplies,2023-03-29,2023-04-15,Electronics,Delivered,926,15.65,13.49,94.0,No,False,False,False,17.0,12491.74,2000.16,13.8,10.15,11.0,0.0
PO-00570,Delta_Logistics,2023-03-29,2023-04-09,Electronics,Cancelled,1041,58.5,52.54,170.0,No,False,False,True,11.0,54694.14,6204.360000000001,10.19,16.33,11.0,1.0
PO-00571,Gamma_Co,2023-11-23,2023-12-01,Electronics,Pending,933,70.72,65.47,42.0,Yes,False,False,True,8.0,61083.51,4898.25,7.42,4.5,11.0,1.0
PO-00572,Delta_Logistics,2022-08-07,,Raw Materials,Delivered,1423,41.48,40.9,199.0,Yes,False,True,False,,58200.7,825.3399999999975,1.4,13.98,10.0,
PO-00573,Delta_Logistics,2023-06-08,2023-06-14,MRO,Delivered,96,86.13,80.32,12.0,No,False,False,False,6.0,7710.719999999999,557.7600000000002,6.75,12.5,12.0,1.0
PO-00574,Epsilon_Group,2023-04-30,2023-05-13,MRO,Delivered,916,21.06,19.53,25.0,Yes,False,False,False,13.0,17889.48,1401.4799999999977,7.26,2.73,12.0,0.0
PO-00575,Epsilon_Group,2022-06-23,,Raw Materials,Delivered,872,17.18,16.63,20.0,Yes,False,True,False,,14501.359999999999,479.6000000000006,3.2,2.29,10.0,
PO-00576,Beta_Supplies,2023-11-06,2023-11-15,Electronics,Delivered,985,83.85,80.88,,No,False,False,False,9.0,79666.79999999999,2925.449999999999,3.54,,11.0,1.0
PO-00577,Gamma_Co,2022-03-28,2022-04-04,Raw Materials,Delivered,1893,55.14,50.1,98.0,Yes,False,False,False,7.0,94839.3,9540.719999999998,9.14,5.18,10.0,1.0
PO-00578,Alpha_Inc,2022-10-18,,MRO,Delivered,705,75.19,69.55,19.0,Yes,False,True,False,,49032.75,3976.2000000000003,7.5,2.7,12.0,
PO-00579,Delta_Logistics,2023-06-12,2023-06-28,MRO,Delivered,318,53.31,51.78,,No,False,False,False,16.0,16466.04,486.54000000000036,2.87,,12.0,0.0
PO-00580,Alpha_Inc,2023-11-11,2023-11-16,Office Supplies,Pending,419,35.72,32.74,7.0,Yes,False,False,True,5.0,13718.060000000001,1248.6199999999988,8.34,1.67,10.0,1.0
PO-00581,Gamma_Co,2023-10-11,2023-10-26,MRO,Delivered,685,92.51,90.05,38.0,Yes,False,False,False,15.0,61684.25,1685.1000000000054,2.66,5.55,12.0,0.0
PO-00582,Delta_Logistics,2023-09-27,2023-10-12,Office Supplies,Partially Delivered,1179,90.14,82.63,194.0,Yes,False,False,True,15.0,97420.76999999999,8854.290000000006,8.33,16.45,10.0,0.0
PO-00583,Alpha_Inc,2022-12-10,,Raw Materials,Delivered,1743,76.51,65.88,40.0,Yes,False,True,False,,114828.84,18528.09000000002,13.89,2.29,10.0,
PO-00584,Alpha_Inc,2022-04-06,2022-04-17,MRO,Delivered,1732,35.01,34.18,40.0,Yes,False,False,False,11.0,59199.76,1437.559999999997,2.37,2.31,12.0,1.0
PO-00585,Beta_Supplies,2022-08-29,2022-09-01,Office Supplies,Delivered,706,65.33,62.06,60.0,No,False,False,False,3.0,43814.36,2308.619999999997,5.01,8.5,10.0,1.0
PO-00586,Gamma_Co,2023-11-20,2023-11-30,MRO,Cancelled,169,47.16,43.4,,Yes,False,False,True,10.0,7334.599999999999,635.4399999999997,7.97,,12.0,1.0
PO-00587,Gamma_Co,2022-11-14,2022-11-20,Office Supplies,Pending,880,19.15,18.69,,No,False,False,True,6.0,16447.2,404.7999999999976,2.4,,10.0,1.0
PO-00588,Gamma_Co,2022-08-19,2022-08-25,MRO,Delivered,1860,95.8,92.17,105.0,No,False,False,False,6.0,171436.2,6751.799999999992,3.79,5.65,12.0,1.0
PO-00589,Delta_Logistics,2022-07-23,2022-08-09,MRO,Delivered,1677,22.98,21.71,246.0,Yes,False,False,False,17.0,36407.67,2129.7899999999995,5.53,14.67,12.0,0.0
PO-00590,Beta_Supplies,2022-05-31,2022-06-07,Packaging,Partially Delivered,1131,97.43,91.28,103.0,Yes,False,False,True,7.0,103237.68000000001,6955.650000000006,6.31,9.11,11.0,1.0
PO-00591,Epsilon_Group,2022-01-26,2022-02-03,Raw Materials,Cancelled,1419,50.14,43.46,,Yes,False,False,True,8.0,61669.74,9478.92,13.32,,10.0,1.0
PO-00592,Delta_Logistics,2022-02-17,2022-02-18,Raw Materials,Pending,790,26.8,25.62,115.0,Yes,False,False,True,1.0,20239.8,932.1999999999998,4.4,14.56,10.0,1.0
PO-00593,Gamma_Co,2022-09-08,2022-09-27,MRO,Pending,1547,61.12,53.43,77.0,Yes,False,False,True,19.0,82656.21,11896.429999999997,12.58,4.98,12.0,0.0
PO-00594,Delta_Logistics,2023-05-02,2023-05-20,Office Supplies,Cancelled,166,95.65,94.48,23.0,Yes,False,False,True,18.0,15683.68,194.22000000000028,1.22,13.86,10.0,0.0
PO-00595,Alpha_Inc,2023-09-18,2023-09-21,Electronics,Delivered,1903,83.49,82.33,43.0,Yes,False,False,False,3.0,156673.99,2207.4799999999937,1.39,2.26,11.0,1.0
PO-00596,Delta_Logistics,2022-03-16,2022-03-29,Office Supplies,Partially Delivered,840,83.42,80.35,153.0,Yes,False,False,True,13.0,67494.0,2578.800000000006,3.68,18.21,10.0,0.0
PO-00597,Delta_Logistics,2023-04-12,,MRO,Delivered,1200,74.49,64.63,161.0,Yes,False,True,False,,77556.0,11832.0,13.24,13.42,12.0,
PO-00598,Gamma_Co,2023-03-01,2023-03-18,Raw Materials,Delivered,1466,77.37,70.35,72.0,Yes,False,False,False,17.0,103133.09999999999,10291.320000000014,9.07,4.91,10.0,0.0
PO-00599,Alpha_Inc,2023-10-07,2023-10-21,Office Supplies,Delivered,1981,95.5,94.39,49.0,Yes,False,False,False,14.0,186986.59,2198.909999999999,1.16,2.47,10.0,0.0
PO-00600,Gamma_Co,2023-08-13,2023-08-16,Packaging,Delivered,1062,35.55,32.38,,Yes,False,False,False,3.0,34387.560000000005,3366.539999999994,8.92,,11.0,1.0
PO-00601,Alpha_Inc,2022-07-19,2022-07-30,MRO,Delivered,1714,55.67,55.09,42.0,Yes,False,False,False,11.0,94424.26000000001,994.119999999997,1.04,2.45,12.0,1.0
PO-00602,Alpha_Inc,2023-12-15,2023-12-30,Office Supplies,Delivered,1131,33.35,31.28,23.0,Yes,False,False,False,15.0,35377.68,2341.1700000000005,6.21,2.03,10.0,0.0
PO-00603,Alpha_Inc,2023-01-29,2023-02-15,Office Supplies,Delivered,683,104.82,101.34,,Yes,False,False,False,17.0,69215.22,2376.839999999993,3.32,,10.0,0.0
PO-00604,Gamma_Co,2023-05-22,2023-06-09,Packaging,Partially Delivered,562,102.56,90.88,38.0,Yes,False,False,True,18.0,51074.56,6564.1600000000035,11.39,6.76,11.0,0.0
PO-00605,Alpha_Inc,2023-02-14,2023-02-20,Electronics,Delivered,1824,14.43,14.11,36.0,Yes,False,False,False,6.0,25736.64,583.6800000000005,2.22,1.97,11.0,1.0
PO-00606,Beta_Supplies,2022-09-07,2022-09-12,Electronics,Partially Delivered,851,76.44,74.76,91.0,Yes,False,False,True,5.0,63620.76,1429.6799999999937,2.2,10.69,11.0,1.0
PO-00607,Beta_Supplies,2022-06-01,2022-06-03,Office Supplies,Delivered,1169,95.6,82.16,103.0,Yes,False,False,False,2.0,96045.04,15711.359999999997,14.06,8.81,10.0,1.0
PO-00608,Epsilon_Group,2023-11-03,2023-11-20,MRO,Delivered,1711,29.14,26.35,48.0,Yes,False,False,False,17.0,45084.850000000006,4773.689999999999,9.57,2.81,12.0,0.0
PO-00609,Beta_Supplies,2023-12-06,2023-12-12,Packaging,Pending,1191,68.14,61.71,112.0,Yes,False,False,True,6.0,73496.61,7658.13,9.44,9.4,11.0,1.0
PO-00610,Epsilon_Group,2022-01-06,2022-01-14,Electronics,Delivered,609,92.39,82.75,29.0,Yes,False,False,False,8.0,50394.75,5870.76,10.43,4.76,11.0,1.0
PO-00611,Beta_Supplies,2022-04-20,2022-05-07,Office Supplies,Delivered,1674,13.25,11.77,181.0,Yes,False,False,False,17.0,19702.98,2477.520000000001,11.17,10.81,10.0,0.0
PO-00612,Gamma_Co,2023-03-12,2023-03-15,MRO,Delivered,537,77.86,71.18,20.0,Yes,False,False,False,3.0,38223.66,3587.159999999996,8.58,3.72,12.0,1.0
PO-00613,Epsilon_Group,2022-08-13,2022-08-31,Electronics,Delivered,1310,38.05,37.0,45.0,Yes,False,False,False,18.0,48470.0,1375.4999999999964,2.76,3.44,11.0,0.0
PO-00614,Delta_Logistics,2022-06-30,2022-07-10,Raw Materials,Delivered,1958,95.53,91.72,308.0,Yes,False,False,False,10.0,179587.76,7459.980000000004,3.99,15.73,10.0,1.0
PO-00615,Delta_Logistics,2023-12-14,2023-12-17,Office Supplies,Delivered,946,108.6,101.78,146.0,Yes,False,False,False,3.0,96283.88,6451.719999999994,6.28,15.43,10.0,1.0
PO-00616,Beta_Supplies,2023-06-15,2023-06-21,Packaging,Partially Delivered,1345,103.06,95.14,,Yes,False,False,True,6.0,127963.3,10652.400000000001,7.68,,11.0,1.0
PO-00617,Delta_Logistics,2023-04-21,2023-05-10,MRO,Delivered,1262,56.63,51.46,,No,False,False,False,19.0,64942.520000000004,6524.540000000002,9.13,,12.0,0.0
PO-00618,Beta_Supplies,2022-02-21,2022-03-13,Office Supplies,Pending,753,88.02,79.92,75.0,Yes,False,False,True,20.0,60179.76,6099.299999999996,9.2,9.96,10.0,0.0
PO-00619,Beta_Supplies,2023-07-25,2023-08-14,Electronics,Delivered,1520,93.75,81.63,149.0,Yes,False,False,False,20.0,124077.59999999999,18422.40000000001,12.93,9.8,11.0,0.0
PO-00620,Delta_Logistics,2022-09-13,2022-10-02,Office Supplies,Delivered,630,40.27,37.54,76.0,Yes,False,False,False,19.0,23650.2,1719.9000000000026,6.78,12.06,10.0,0.0
PO-00621,Delta_Logistics,2022-05-05,2022-05-06,Office Supplies,Delivered,839,86.29,82.51,110.0,Yes,False,False,False,1.0,69225.89,3171.420000000001,4.38,13.11,10.0,1.0
PO-00622,Alpha_Inc,2023-04-13,2023-05-02,Electronics,Delivered,910,14.33,14.07,27.0,Yes,False,False,False,19.0,12803.7,236.5999999999998,1.81,2.97,11.0,0.0
PO-00623,Epsilon_Group,2022-05-17,2022-05-24,Raw Materials,Delivered,296,64.94,63.61,,Yes,False,False,False,7.0,18828.56,393.6799999999995,2.05,,10.0,1.0
PO-00624,Beta_Supplies,2023-04-21,2023-05-05,MRO,Delivered,1149,33.0,30.65,141.0,Yes,False,False,False,14.0,35216.85,2700.1500000000015,7.12,12.27,12.0,0.0
PO-00625,Delta_Logistics,2023-11-15,2023-11-16,Electronics,Delivered,203,23.14,20.0,,No,False,False,False,1.0,4060.0,637.4200000000001,13.57,,11.0,1.0
PO-00626,Epsilon_Group,2023-06-28,2023-07-16,Office Supplies,Delivered,1729,18.36,16.34,47.0,Yes,False,False,False,18.0,28251.86,3492.5799999999995,11.0,2.72,10.0,0.0
PO-00627,Delta_Logistics,2023-07-27,2023-08-06,Office Supplies,Delivered,1508,79.21,73.27,226.0,Yes,False,False,False,10.0,110491.15999999999,8957.519999999997,7.5,14.99,10.0,1.0
PO-00628,Delta_Logistics,2023-09-02,2023-09-15,Packaging,Partially Delivered,1046,44.65,40.1,165.0,No,False,False,True,13.0,41944.6,4759.299999999997,10.19,15.77,11.0,0.0
PO-00629,Alpha_Inc,2022-11-21,2022-11-24,Office Supplies,Delivered,1159,78.99,71.69,14.0,Yes,False,False,False,3.0,83088.70999999999,8460.699999999997,9.24,1.21,10.0,1.0
PO-00630,Beta_Supplies,2023-03-30,2023-04-05,Electronics,Delivered,746,16.99,15.35,69.0,No,False,False,False,6.0,11451.1,1223.4399999999991,9.65,9.25,11.0,1.0
PO-00631,Beta_Supplies,2023-09-20,2023-10-06,Packaging,Delivered,1358,42.21,38.75,128.0,Yes,False,False,False,16.0,52622.5,4698.680000000001,8.2,9.43,11.0,0.0
PO-00632,Gamma_Co,2023-06-01,2023-06-12,Office Supplies,Delivered,1293,63.53,59.42,79.0,Yes,False,False,False,11.0,76830.06,5314.23,6.47,6.11,10.0,0.0
PO-00633,Alpha_Inc,2023-03-13,2023-03-24,Electronics,Delivered,1142,86.85,74.28,30.0,Yes,False,False,False,11.0,84827.76,14354.939999999991,14.47,2.63,11.0,1.0
PO-00634,Epsilon_Group,2023-07-16,2023-07-27,MRO,Delivered,1120,42.17,37.47,33.0,Yes,False,False,False,11.0,41966.4,5264.000000000004,11.15,2.95,12.0,1.0
PO-00635,Alpha_Inc,2023-04-02,2023-04-14,MRO,Delivered,1058,71.3,62.04,,Yes,False,False,False,12.0,65638.31999999999,9797.079999999998,12.99,,12.0,1.0
PO-00636,Epsilon_Group,2022-06-12,,Office Supplies,Delivered,143,91.98,86.02,5.0,Yes,False,True,False,,12300.859999999999,852.2800000000011,6.48,3.5,10.0,
PO-00637,Beta_Supplies,2023-05-02,2023-05-14,MRO,Delivered,1823,70.66,66.92,202.0,Yes,False,False,False,12.0,121995.16,6818.01999999999,5.29,11.08,12.0,1.0
PO-00638,Gamma_Co,2023-04-06,2023-04-10,Office Supplies,Delivered,1007,33.29,28.48,49.0,Yes,False,False,False,4.0,28679.36,4843.669999999999,14.45,4.87,10.0,1.0
PO-00639,Gamma_Co,2022-09-23,2022-10-08,Packaging,Delivered,1061,12.68,12.36,56.0,No,False,False,False,15.0,13113.96,339.5200000000003,2.52,5.28,11.0,0.0
PO-00640,Beta_Supplies,2022-09-11,2022-09-26,MRO,Pending,502,91.84,82.33,,Yes,False,False,True,15.0,41329.659999999996,4774.020000000002,10.35,,12.0,0.0
PO-00641,Delta_Logistics,2023-10-15,2023-10-19,Packaging,Delivered,1277,13.17,11.63,199.0,No,False,False,False,4.0,14851.51,1966.579999999999,11.69,15.58,11.0,1.0
PO-00642,Alpha_Inc,2022-10-11,2022-10-24,Packaging,Delivered,961,92.72,88.49,22.0,Yes,False,False,False,13.0,85038.89,4065.030000000004,4.56,2.29,11.0,0.0
PO-00643,Gamma_Co,2023-06-18,2023-07-02,Packaging,Delivered,267,62.5,61.18,17.0,Yes,False,False,False,14.0,16335.06,352.44000000000005,2.11,6.37,11.0,0.0
PO-00644,Delta_Logistics,2023-05-12,2023-05-18,Raw Materials,Cancelled,523,102.08,99.59,,Yes,False,False,True,6.0,52085.57,1302.2699999999973,2.44,,10.0,1.0
PO-00645,Epsilon_Group,2023-10-04,2023-10-23,Electronics,Pending,481,90.49,77.17,,Yes,False,False,True,19.0,37118.770000000004,6406.919999999996,14.72,,11.0,0.0
PO-00646,Gamma_Co,2022-09-02,2022-09-09,Office Supplies,Delivered,390,103.81,100.12,20.0,Yes,False,False,False,7.0,39046.8,1439.099999999999,3.55,5.13,10.0,1.0
PO-00647,Epsilon_Group,2022-10-09,2022-10-25,Packaging,Delivered,600,43.43,38.76,22.0,Yes,False,False,False,16.0,23256.0,2802.000000000001,10.75,3.67,11.0,0.0
PO-00648,Delta_Logistics,2023-03-27,,Office Supplies,Delivered,1685,84.58,75.21,253.0,No,False,True,False,,126728.84999999999,15788.450000000008,11.08,15.01,10.0,
PO-00649,Epsilon_Group,2022-03-21,2022-03-31,Packaging,Cancelled,1362,46.64,42.85,33.0,Yes,False,False,True,10.0,58361.700000000004,5161.979999999999,8.13,2.42,11.0,1.0
PO-00650,Delta_Logistics,2024-01-01,2024-01-04,Electronics,Pending,1327,59.57,56.44,169.0,Yes,False,False,True,3.0,74895.87999999999,4153.510000000003,5.25,12.74,11.0,1.0
PO-00651,Epsilon_Group,2022-10-20,,MRO,Delivered,1807,69.47,60.0,50.0,Yes,False,True,False,,108420.0,17112.289999999997,13.63,2.77,12.0,
PO-00652,Alpha_Inc,2022-08-29,2022-09-06,Office Supplies,Pending,406,91.73,89.13,,Yes,False,False,True,8.0,36186.78,1055.6000000000035,2.83,,10.0,1.0
PO-00653,Gamma_Co,2022-10-06,2022-10-18,Raw Materials,Partially Delivered,72,103.0,89.49,1.0,No,False,False,True,12.0,6443.28,972.7200000000004,13.12,1.39,10.0,0.0
PO-00654,Gamma_Co,2022-12-10,2022-12-20,Office Supplies,Delivered,1835,83.5,82.36,85.0,No,False,False,False,10.0,151130.6,2091.900000000001,1.37,4.63,10.0,1.0
PO-00655,Delta_Logistics,2022-11-24,2022-12-10,Electronics,Pending,571,49.98,45.58,,No,False,False,True,16.0,26026.18,2512.399999999999,8.8,,11.0,0.0
PO-00656,Epsilon_Group,2023-07-08,2023-07-09,Packaging,Delivered,1831,52.24,50.44,60.0,Yes,False,False,False,1.0,92355.64,3295.800000000008,3.45,3.28,11.0,1.0
PO-00657,Beta_Supplies,2022-03-24,2022-04-07,Office Supplies,Pending,1910,77.15,68.49,170.0,Yes,False,False,True,14.0,130815.9,16540.60000000002,11.22,8.9,10.0,0.0
PO-00658,Gamma_Co,2022-05-22,2022-05-31,Electronics,Partially Delivered,1173,32.12,29.18,,Yes,False,False,True,9.0,34228.14,3448.619999999997,9.15,,11.0,1.0
PO-00659,Epsilon_Group,2022-06-04,2022-06-17,Packaging,Partially Delivered,851,20.44,19.22,22.0,Yes,False,False,True,13.0,16356.22,1038.220000000002,5.97,2.59,11.0,0.0
PO-00660,Epsilon_Group,2022-08-25,2022-09-07,MRO,Cancelled,1253,43.38,38.01,34.0,Yes,False,False,True,13.0,47626.53,6728.610000000006,12.38,2.71,12.0,0.0
PO-00661,Alpha_Inc,2023-01-28,2023-02-15,Electronics,Delivered,1296,38.0,33.42,33.0,Yes,False,False,False,18.0,43312.32,5935.679999999998,12.05,2.55,11.0,0.0
PO-00662,Beta_Supplies,2023-12-12,2023-12-30,Raw Materials,Delivered,1979,40.88,39.46,221.0,Yes,False,False,False,18.0,78091.34,2810.1800000000035,3.47,11.17,10.0,0.0
PO-00663,Gamma_Co,2022-06-06,2022-06-19,Office Supplies,Delivered,811,31.8,30.33,58.0,Yes,False,False,False,13.0,24597.629999999997,1192.170000000002,4.62,7.15,10.0,0.0
PO-00664,Alpha_Inc,2023-12-25,2024-01-12,Electronics,Delivered,1732,15.37,14.7,38.0,Yes,False,False,False,18.0,25460.399999999998,1160.4399999999998,4.36,2.19,11.0,0.0
PO-00665,Beta_Supplies,2022-08-08,2022-08-28,Packaging,Delivered,491,12.01,11.67,47.0,Yes,False,False,False,20.0,5729.97,166.93999999999994,2.83,9.57,11.0,0.0
PO-00666,Gamma_Co,2022-03-07,2022-03-11,Packaging,Cancelled,1681,99.88,96.38,90.0,Yes,False,False,True,4.0,162014.78,5883.5,3.5,5.35,11.0,1.0
PO-00667,Alpha_Inc,2023-03-01,2023-03-05,Raw Materials,Partially Delivered,818,51.89,47.85,12.0,Yes,False,False,True,4.0,39141.3,3304.7199999999993,7.79,1.47,10.0,1.0
PO-00668,Beta_Supplies,2023-02-22,2023-03-05,Office Supplies,Delivered,1065,47.49,41.42,113.0,Yes,False,False,False,11.0,44112.3,6464.55,12.78,10.61,10.0,0.0
PO-00669,Gamma_Co,2022-12-05,2022-12-17,Packaging,Delivered,1398,75.08,67.09,57.0,Yes,False,False,False,12.0,93791.82,11170.019999999993,10.64,4.08,11.0,0.0
PO-00670,Beta_Supplies,2023-07-10,2023-07-17,Packaging,Delivered,565,32.31,29.76,60.0,Yes,False,False,False,7.0,16814.4,1440.7500000000005,7.89,10.62,11.0,1.0
PO-00671,Epsilon_Group,2023-04-23,2023-05-06,Packaging,Pending,1089,102.66,89.21,33.0,Yes,False,False,True,13.0,97149.68999999999,14647.050000000003,13.1,3.03,11.0,0.0
PO-00672,Delta_Logistics,2023-03-02,2023-03-04,Electronics,Delivered,841,86.43,83.77,125.0,No,False,False,False,2.0,70450.56999999999,2237.060000000009,3.08,14.86,11.0,1.0
PO-00673,Delta_Logistics,2022-03-05,2022-03-16,Electronics,Delivered,385,18.23,17.74,,Yes,False,False,False,11.0,6829.9,188.65000000000077,2.69,,11.0,1.0
PO-00674,Epsilon_Group,2022-07-31,2022-08-17,Office Supplies,Delivered,1832,49.01,41.86,52.0,Yes,False,False,False,17.0,76687.52,13098.799999999997,14.59,2.84,10.0,0.0
PO-00675,Beta_Supplies,2023-03-07,2023-03-27,Raw Materials,Delivered,307,95.36,83.63,29.0,Yes,False,False,False,20.0,25674.41,3601.110000000001,12.3,9.45,10.0,0.0
PO-00676,Epsilon_Group,2023-02-03,2023-02-08,Office Supplies,Delivered,546,101.2,97.82,21.0,Yes,False,False,False,5.0,53409.719999999994,1845.4800000000052,3.34,3.85,10.0,1.0
PO-00677,Delta_Logistics,2023-08-22,2023-09-11,Raw Materials,Delivered,945,57.01,55.14,147.0,No,False,False,False,20.0,52107.3,1767.1499999999976,3.28,15.56,10.0,0.0
PO-00678,Delta_Logistics,2023-12-14,2023-12-27,MRO,Pending,209,72.71,64.34,39.0,Yes,False,False,True,13.0,13447.060000000001,1749.3299999999979,11.51,18.66,12.0,0.0
PO-00679,Beta_Supplies,2022-01-21,,Packaging,Delivered,1548,25.03,22.87,,Yes,False,True,False,,35402.76,3343.6800000000003,8.63,,11.0,
PO-00680,Delta_Logistics,2023-08-13,2023-08-23,Raw Materials,Delivered,901,108.63,106.3,141.0,Yes,False,False,False,10.0,95776.3,2099.3299999999986,2.14,15.65,10.0,1.0
PO-00681,Epsilon_Group,2023-01-25,2023-02-11,Packaging,Delivered,1737,32.7,31.02,48.0,Yes,False,False,False,17.0,53881.74,2918.1600000000058,5.14,2.76,11.0,0.0
PO-00682,Beta_Supplies,2023-05-04,2023-05-22,Raw Materials,Delivered,1981,102.43,90.99,204.0,Yes,False,False,False,18.0,180251.19,22662.640000000025,11.17,10.3,10.0,0.0
PO-00683,Epsilon_Group,2022-01-07,2022-01-26,MRO,Pending,739,68.47,66.09,19.0,Yes,False,False,True,19.0,48840.51,1758.8199999999965,3.48,2.57,12.0,0.0
PO-00684,Beta_Supplies,2022-12-27,2022-12-28,Raw Materials,Delivered,1748,68.25,62.84,171.0,Yes,False,False,False,1.0,109844.32,9456.679999999995,7.93,9.78,10.0,1.0
PO-00685,Delta_Logistics,2022-11-02,2022-11-06,Office Supplies,Cancelled,429,58.95,55.35,59.0,No,False,False,True,4.0,23745.15,1544.4000000000005,6.11,13.75,10.0,1.0
PO-00686,Gamma_Co,2023-02-04,,Electronics,Delivered,1618,32.76,28.41,62.0,Yes,False,True,False,,45967.38,7038.2999999999965,13.28,3.83,11.0,
PO-00687,Beta_Supplies,2023-03-06,2023-03-07,Packaging,Delivered,1006,27.7,23.66,101.0,No,False,False,False,1.0,23801.96,4064.2399999999993,14.58,10.04,11.0,1.0
PO-00688,Beta_Supplies,2023-07-06,2023-07-15,Electronics,Partially Delivered,740,32.53,29.35,84.0,Yes,False,False,True,9.0,21719.0,2353.2,9.78,11.35,11.0,1.0
PO-00689,Gamma_Co,2023-07-14,,Raw Materials,Delivered,1500,29.19,27.24,72.0,Yes,False,True,False,,40860.0,2925.000000000004,6.68,4.8,10.0,
PO-00690,Delta_Logistics,2023-09-10,2023-09-29,Office Supplies,Cancelled,1686,88.18,77.15,,Yes,False,False,True,19.0,130074.90000000001,18596.58,12.51,,10.0,0.0
PO-00691,Epsilon_Group,2022-08-14,2022-08-16,Raw Materials,Cancelled,1341,42.96,41.75,39.0,Yes,False,False,True,2.0,55986.75,1622.610000000001,2.82,2.91,10.0,1.0
PO-00692,Alpha_Inc,2023-05-15,2023-05-21,MRO,Cancelled,1908,16.42,15.31,36.0,Yes,False,False,True,6.0,29211.48,2117.8800000000024,6.76,1.89,12.0,1.0
PO-00693,Gamma_Co,2022-08-13,2022-09-02,MRO,Partially Delivered,1650,100.62,90.45,85.0,Yes,False,False,True,20.0,149242.5,16780.500000000004,10.11,5.15,12.0,0.0
PO-00694,Alpha_Inc,2022-10-07,2022-10-20,MRO,Delivered,1490,93.57,81.68,29.0,Yes,False,False,False,13.0,121703.20000000001,17716.09999999998,12.71,1.95,12.0,0.0
PO-00695,Delta_Logistics,2023-03-23,2023-03-31,Raw Materials,Delivered,1241,100.04,97.56,187.0,Yes,False,False,False,8.0,121071.96,3077.680000000005,2.48,15.07,10.0,1.0
PO-00696,Beta_Supplies,2023-05-13,2023-05-17,MRO,Delivered,1915,107.51,102.66,184.0,Yes,False,False,False,4.0,196593.9,9287.750000000016,4.51,9.61,12.0,1.0
PO-00697,Beta_Supplies,2022-01-30,2022-02-14,Raw Materials,Delivered,1116,25.65,24.28,121.0,Yes,False,False,False,15.0,27096.48,1528.9199999999971,5.34,10.84,10.0,0.0
PO-00698,Delta_Logistics,2023-02-03,2023-02-08,Raw Materials,Delivered,1629,48.63,43.28,260.0,Yes,False,False,False,5.0,70503.12,8715.150000000001,11.0,15.96,10.0,1.0
PO-00699,Epsilon_Group,2022-12-11,2022-12-18,Office Supplies,Delivered,334,82.54,74.63,,Yes,False,False,False,7.0,24926.42,2641.9400000000037,9.58,,10.0,1.0
PO-00700,Epsilon_Group,2023-11-16,2023-12-06,Packaging,Delivered,446,80.63,70.37,,Yes,False,False,False,20.0,31385.02,4575.9599999999955,12.72,,11.0,0.0
PO-00701,Delta_Logistics,2023-11-27,,Electronics,Delivered,61,26.47,24.62,6.0,Yes,False,True,False,,1501.8200000000002,112.84999999999987,6.99,9.84,11.0,
PO-00702,Delta_Logistics,2023-02-19,2023-02-21,Packaging,Delivered,1680,88.85,87.53,,Yes,False,False,False,2.0,147050.4,2217.5999999999885,1.49,,11.0,1.0
PO-00703,Delta_Logistics,2022-06-19,2022-07-06,Electronics,Delivered,1375,30.95,30.02,223.0,Yes,False,False,False,17.0,41277.5,1278.7499999999995,3.0,16.22,11.0,0.0
PO-00704,Delta_Logistics,2023-04-24,2023-05-05,Electronics,Partially Delivered,1971,32.4,30.48,321.0,Yes,False,False,True,11.0,60076.08,3784.3199999999965,5.93,16.29,11.0,1.0
PO-00705,Delta_Logistics,2022-05-11,,Raw Materials,Pending,1326,59.49,56.21,,Yes,False,False,False,,74534.46,4349.280000000002,5.51,,10.0,
PO-00706,Delta_Logistics,2023-09-30,2023-10-13,MRO,Cancelled,548,69.7,61.87,90.0,Yes,False,False,True,13.0,33904.76,4290.840000000003,11.23,16.42,12.0,0.0
PO-00707,Beta_Supplies,2023-07-01,2023-07-07,MRO,Delivered,803,67.81,61.53,78.0,Yes,False,False,False,6.0,49408.590000000004,5042.840000000001,9.26,9.71,12.0,1.0
PO-00708,Alpha_Inc,2022-01-28,2022-02-15,MRO,Delivered,84,18.23,15.55,0.0,Yes,False,False,False,18.0,1306.2,225.11999999999998,14.7,0.0,12.0,0.0
PO-00709,Epsilon_Group,2023-02-08,2023-02-20,Packaging,Delivered,776,94.75,90.89,19.0,Yes,False,False,False,12.0,70530.64,2995.3599999999997,4.07,2.45,11.0,0.0
PO-00710,Alpha_Inc,2023-08-30,2023-09-08,MRO,Delivered,898,37.12,35.54,18.0,No,False,False,False,9.0,31914.92,1418.8399999999986,4.26,2.0,12.0,1.0
PO-00711,Beta_Supplies,2023-08-01,2023-08-08,Office Supplies,Cancelled,139,23.71,20.18,14.0,Yes,False,False,True,7.0,2805.02,490.6700000000002,14.89,10.07,10.0,1.0
PO-00712,Gamma_Co,2023-11-10,,Raw Materials,Delivered,825,99.89,97.65,30.0,Yes,False,True,False,,80561.25,1847.9999999999957,2.24,3.64,10.0,
PO-00713,Alpha_Inc,2022-01-28,2022-02-07,MRO,Delivered,654,96.01,90.31,10.0,Yes,False,False,False,10.0,59062.74,3727.800000000002,5.94,1.53,12.0,1.0
PO-00714,Gamma_Co,2022-03-27,2022-04-06,MRO,Delivered,1995,88.47,82.65,87.0,No,False,False,False,10.0,164886.75,11610.899999999987,6.58,4.36,12.0,1.0
PO-00715,Beta_Supplies,2023-10-21,2023-10-28,MRO,Delivered,1019,91.56,77.93,111.0,No,False,False,False,7.0,79410.67000000001,13888.969999999996,14.89,10.89,12.0,1.0
PO-00716,Epsilon_Group,2023-03-15,2023-03-31,Packaging,Pending,1675,73.8,65.34,42.0,Yes,False,False,True,16.0,109444.5,14170.499999999989,11.46,2.51,11.0,0.0
PO-00717,Gamma_Co,2022-05-19,2022-05-31,Raw Materials,Pending,1071,60.77,58.5,,Yes,False,False,True,12.0,62653.5,2431.1700000000033,3.74,,10.0,0.0
PO-00718,Beta_Supplies,2023-04-18,2023-04-27,Office Supplies,Delivered,467,19.17,17.11,49.0,Yes,False,False,False,9.0,7990.37,962.0200000000011,10.75,10.49,10.0,1.0
PO-00719,Delta_Logistics,2022-07-06,2022-07-25,MRO,Pending,164,48.16,47.46,27.0,Yes,False,False,True,19.0,7783.4400000000005,114.7999999999993,1.45,16.46,12.0,0.0
PO-00720,Epsilon_Group,2022-02-21,2022-03-06,Electronics,Cancelled,666,43.76,41.13,18.0,Yes,False,False,True,13.0,27392.58,1751.579999999997,6.01,2.7,11.0,0.0
PO-00721,Delta_Logistics,2022-09-24,2022-10-07,Packaging,Partially Delivered,1976,34.71,31.56,286.0,No,False,False,True,13.0,62362.56,6224.400000000004,9.08,14.47,11.0,0.0
PO-00722,Epsilon_Group,2023-01-24,2023-01-29,MRO,Delivered,1269,79.61,71.86,47.0,Yes,False,False,False,5.0,91190.34,9834.75,9.73,3.7,12.0,1.0
PO-00723,Epsilon_Group,2022-12-02,2022-12-12,MRO,Delivered,875,57.63,51.8,16.0,Yes,False,False,False,10.0,45325.0,5101.250000000005,10.12,1.83,12.0,1.0
PO-00724,Alpha_Inc,2022-08-05,,Packaging,Partially Delivered,1574,17.9,15.85,31.0,Yes,False,False,False,,24947.899999999998,3226.6999999999985,11.45,1.97,11.0,
PO-00725,Epsilon_Group,2023-04-11,2023-04-26,Office Supplies,Partially Delivered,1699,32.05,29.34,69.0,Yes,False,False,True,15.0,49848.659999999996,4604.289999999995,8.46,4.06,10.0,0.0
PO-00726,Alpha_Inc,2022-12-01,2022-12-17,Electronics,Delivered,1566,75.43,71.27,27.0,Yes,False,False,False,16.0,111608.81999999999,6514.560000000017,5.52,1.72,11.0,0.0
PO-00727,Gamma_Co,2022-12-12,2022-12-30,Electronics,Delivered,1148,17.78,17.16,61.0,Yes,False,False,False,18.0,19699.68,711.7600000000011,3.49,5.31,11.0,0.0
PO-00728,Epsilon_Group,2023-01-24,2023-02-11,Office Supplies,Delivered,462,91.81,83.14,11.0,Yes,False,False,False,18.0,38410.68,4005.540000000001,9.44,2.38,10.0,0.0
PO-00729,Gamma_Co,2022-10-12,2022-10-17,Packaging,Delivered,1449,57.02,49.28,71.0,Yes,False,False,False,5.0,71406.72,11215.260000000002,13.57,4.9,11.0,1.0
PO-00730,Epsilon_Group,2023-03-08,2023-03-27,MRO,Delivered,1493,56.98,52.51,43.0,Yes,False,False,False,19.0,78397.43,6673.709999999998,7.84,2.88,12.0,0.0
PO-00731,Alpha_Inc,2022-09-16,2022-09-18,Office Supplies,Delivered,778,65.85,62.08,,No,False,False,False,2.0,48298.24,2933.0599999999968,5.73,,10.0,1.0
PO-00732,Delta_Logistics,2022-03-25,2022-04-11,Packaging,Partially Delivered,1350,85.06,82.34,,No,False,False,True,17.0,111159.0,3671.9999999999986,3.2,,11.0,0.0
PO-00733,Epsilon_Group,2023-04-27,2023-05-05,Packaging,Delivered,1070,44.4,40.07,26.0,Yes,False,False,False,8.0,42874.9,4633.0999999999985,9.75,2.43,11.0,1.0
PO-00734,Beta_Supplies,2022-01-20,2022-02-03,Packaging,Pending,810,71.02,66.8,73.0,Yes,False,False,True,14.0,54108.0,3418.199999999999,5.94,9.01,11.0,0.0
PO-00735,Delta_Logistics,2023-07-07,2023-07-23,Packaging,Cancelled,725,66.4,62.1,118.0,Yes,False,False,True,16.0,45022.5,3117.500000000003,6.48,16.28,11.0,0.0
PO-00736,Alpha_Inc,2022-02-23,2022-02-28,Electronics,Delivered,1467,34.2,30.5,25.0,Yes,False,False,False,5.0,44743.5,5427.900000000004,10.82,1.7,11.0,1.0
PO-00737,Beta_Supplies,2022-12-25,2023-01-12,Packaging,Delivered,1942,93.98,81.31,198.0,Yes,False,False,False,18.0,157904.02000000002,24605.140000000003,13.48,10.2,11.0,0.0
PO-00738,Gamma_Co,2022-08-18,,Office Supplies,Delivered,506,84.63,72.69,20.0,Yes,False,True,False,,36781.14,6041.6399999999985,14.11,3.95,10.0,
PO-00739,Alpha_Inc,2023-10-28,2023-11-13,MRO,Delivered,969,76.53,75.64,30.0,Yes,False,False,False,16.0,73295.16,862.4100000000005,1.16,3.1,12.0,0.0
PO-00740,Delta_Logistics,2022-03-12,2022-03-19,MRO,Delivered,241,87.42,82.15,,Yes,False,False,False,7.0,19798.15,1270.069999999999,6.03,,12.0,1.0
PO-00741,Gamma_Co,2023-10-30,2023-11-09,Raw Materials,Delivered,788,97.3,94.44,32.0,Yes,False,False,False,10.0,74418.72,2253.6799999999994,2.94,4.06,10.0,1.0
PO-00742,Gamma_Co,2022-02-11,2022-02-13,Office Supplies,Delivered,1762,74.12,65.71,94.0,Yes,False,False,False,2.0,115781.01999999999,14818.420000000018,11.35,5.33,10.0,1.0
PO-00743,Alpha_Inc,2022-02-01,,Raw Materials,Pending,1172,85.76,81.43,25.0,Yes,False,False,False,,95435.96,5074.759999999998,5.05,2.13,10.0,
PO-00744,Delta_Logistics,2022-09-11,2022-09-30,Office Supplies,Delivered,1621,75.68,73.78,226.0,No,False,False,False,19.0,119597.38,3079.900000000009,2.51,13.94,10.0,0.0
PO-00745,Alpha_Inc,2022-07-24,2022-07-26,Packaging,Delivered,1027,73.35,65.42,24.0,No,False,False,False,2.0,67186.34,8144.109999999992,10.81,2.34,11.0,1.0
PO-00746,Beta_Supplies,2022-01-21,,Raw Materials,Delivered,1058,65.68,57.21,101.0,Yes,False,True,False,,60528.18,8961.260000000006,12.9,9.55,10.0,
PO-00747,Beta_Supplies,2023-09-29,2023-10-05,Packaging,Delivered,145,85.52,81.86,11.0,No,False,False,False,6.0,11869.7,530.6999999999995,4.28,7.59,11.0,1.0
PO-00748,Epsilon_Group,2022-06-06,,Office Supplies,Delivered,1737,24.88,24.28,46.0,Yes,False,True,False,,42174.36,1042.1999999999964,2.41,2.65,10.0,
PO-00749,Gamma_Co,2022-09-02,2022-09-15,Electronics,Delivered,712,92.85,89.39,43.0,Yes,False,False,False,13.0,63645.68,2463.5199999999954,3.73,6.04,11.0,0.0
PO-00750,Epsilon_Group,2022-05-10,2022-05-16,Electronics,Delivered,1263,90.24,86.84,28.0,Yes,False,False,False,6.0,109678.92,4294.199999999989,3.77,2.22,11.0,1.0
PO-00751,Delta_Logistics,2023-04-30,,Electronics,Delivered,1809,13.58,12.68,,No,False,True,False,,22938.12,1628.1000000000006,6.63,,11.0,
PO-00752,Beta_Supplies,2023-11-17,,Electronics,Cancelled,86,93.6,88.22,5.0,Yes,False,False,False,,7586.92,462.6799999999996,5.75,5.81,11.0,
PO-00753,Epsilon_Group,2022-04-28,,MRO,Delivered,1853,21.92,20.72,,Yes,False,True,False,,38394.159999999996,2223.6000000000054,5.47,,12.0,
PO-00754,Beta_Supplies,2023-08-01,2023-08-02,Electronics,Delivered,1442,43.98,41.82,140.0,No,False,False,False,1.0,60304.44,3114.7199999999953,4.91,9.71,11.0,1.0
PO-00755,Beta_Supplies,2022-08-12,2022-09-01,Office Supplies,Pending,1768,79.61,74.97,207.0,No,False,False,True,20.0,132546.96,8203.52,5.83,11.71,10.0,0.0
PO-00756,Beta_Supplies,2023-04-22,2023-05-03,Electronics,Partially Delivered,1598,26.3,26.03,154.0,No,False,False,True,11.0,41595.94,431.4599999999993,1.03,9.64,11.0,1.0
PO-00757,Alpha_Inc,2023-12-18,2024-01-05,MRO,Cancelled,328,93.23,82.63,6.0,Yes,False,False,True,18.0,27102.64,3476.800000000003,11.37,1.83,12.0,0.0
PO-00758,Epsilon_Group,2022-09-20,2022-09-25,Packaging,Delivered,266,88.29,80.22,4.0,Yes,False,False,False,5.0,21338.52,2146.620000000002,9.14,1.5,11.0,1.0
PO-00759,Gamma_Co,2023-01-13,2023-01-28,Raw Materials,Delivered,916,59.01,53.37,47.0,Yes,False,False,False,15.0,48886.92,5166.240000000001,9.56,5.13,10.0,0.0
PO-00760,Epsilon_Group,2022-06-21,2022-06-25,Packaging,Cancelled,922,10.84,9.27,29.0,Yes,False,False,True,4.0,8546.94,1447.5400000000002,14.48,3.15,11.0,1.0
PO-00761,Gamma_Co,2023-09-13,2023-09-28,Packaging,Delivered,1871,39.42,37.41,101.0,No,False,False,False,15.0,69994.11,3760.7100000000096,5.1,5.4,11.0,0.0
PO-00762,Epsilon_Group,2023-09-14,2023-09-20,Raw Materials,Delivered,1346,72.08,67.04,38.0,Yes,False,False,False,6.0,90235.84000000001,6783.839999999989,6.99,2.82,10.0,1.0
PO-00763,Epsilon_Group,2022-04-28,2022-05-09,Electronics,Delivered,1954,99.78,87.47,57.0,Yes,False,False,False,11.0,170916.38,24053.740000000005,12.34,2.92,11.0,1.0
PO-00764,Beta_Supplies,2022-06-17,2022-07-06,Electronics,Delivered,111,68.53,65.22,11.0,Yes,False,False,False,19.0,7239.42,367.41000000000025,4.83,9.91,11.0,0.0
PO-00765,Gamma_Co,2022-11-15,2022-11-22,Office Supplies,Pending,645,35.05,30.88,27.0,Yes,False,False,True,7.0,19917.6,2689.6499999999987,11.9,4.19,10.0,1.0
PO-00766,Gamma_Co,2022-04-21,2022-05-04,Electronics,Cancelled,1953,68.07,62.95,87.0,Yes,False,False,True,13.0,122941.35,9999.35999999998,7.52,4.45,11.0,0.0
PO-00767,Gamma_Co,2023-08-16,2023-09-02,Electronics,Delivered,778,64.17,61.6,47.0,Yes,False,False,False,17.0,47924.8,1999.4600000000003,4.0,6.04,11.0,0.0
PO-00768,Epsilon_Group,2022-01-27,2022-02-09,Office Supplies,Delivered,1415,80.19,78.34,,Yes,False,False,False,13.0,110851.1,2617.749999999992,2.31,,10.0,0.0
PO-00769,Gamma_Co,2022-11-16,2022-11-22,Raw Materials,Delivered,446,20.61,19.46,14.0,Yes,False,False,False,6.0,8679.16,512.8999999999994,5.58,3.14,10.0,1.0
PO-00770,Epsilon_Group,2023-08-13,,Office Supplies,Delivered,748,85.95,79.16,32.0,Yes,False,True,False,,59211.68,5078.920000000005,7.9,4.28,10.0,
PO-00771,Alpha_Inc,2023-11-25,2023-12-03,Electronics,Pending,1092,65.17,63.11,21.0,Yes,False,False,True,8.0,68916.12,2249.5200000000023,3.16,1.92,11.0,1.0
PO-00772,Beta_Supplies,2023-01-20,2023-02-02,Electronics,Delivered,226,102.47,99.16,28.0,Yes,False,False,False,13.0,22410.16,748.0600000000005,3.23,12.39,11.0,0.0
PO-00773,Delta_Logistics,2023-02-11,2023-02-20,Electronics,Delivered,1685,43.42,42.24,262.0,Yes,False,False,False,9.0,71174.40000000001,1988.2999999999995,2.72,15.55,11.0,1.0
PO-00774,Alpha_Inc,2022-07-23,,Office Supplies,Delivered,445,68.94,60.35,7.0,Yes,False,True,False,,26855.75,3822.5499999999984,12.46,1.57,10.0,
PO-00775,Gamma_Co,2022-03-19,2022-04-07,Raw Materials,Delivered,494,94.82,81.89,29.0,Yes,False,False,False,19.0,40453.66,6387.419999999996,13.64,5.87,10.0,0.0
PO-00776,Beta_Supplies,2023-08-30,2023-09-11,MRO,Delivered,1306,21.05,18.27,128.0,Yes,False,False,False,12.0,23860.62,3630.6800000000017,13.21,9.8,12.0,1.0
PO-00777,Beta_Supplies,2023-12-09,2023-12-11,Office Supplies,Delivered,1988,105.2,93.23,187.0,Yes,False,False,False,2.0,185341.24000000002,23796.359999999997,11.38,9.41,10.0,1.0
